"../../../Engine/Plugins/Interchange/Runtime/Content/Pipelines/DefaultTexturePipeline.uasset" 0
"../../../Engine/Plugins/Interchange/Runtime/Content/Pipelines/DefaultTexturePipeline.uexp" 1
"../../../Engine/Plugins/Interchange/Runtime/Content/Pipelines/DefaultSceneLevelPipeline.uasset" 2
"../../../Engine/Plugins/Interchange/Runtime/Content/Pipelines/DefaultSceneLevelPipeline.uexp" 3
"../../../Engine/Plugins/Interchange/Runtime/Content/Pipelines/DefaultSceneAssetsPipeline.uasset" 4
"../../../Engine/Plugins/Interchange/Runtime/Content/Pipelines/DefaultSceneAssetsPipeline.uexp" 5
"../../../Engine/Plugins/Interchange/Runtime/Content/Pipelines/DefaultMaterialXPipeline.uasset" 6
"../../../Engine/Plugins/Interchange/Runtime/Content/Pipelines/DefaultMaterialXPipeline.uexp" 7
"../../../Engine/Plugins/Interchange/Runtime/Content/Pipelines/DefaultMaterialPipeline.uasset" 8
"../../../Engine/Plugins/Interchange/Runtime/Content/Pipelines/DefaultMaterialPipeline.uexp" 9
"../../../Engine/Plugins/Interchange/Runtime/Content/Pipelines/DefaultGLTFSceneAssetsPipeline.uasset" 10
"../../../Engine/Plugins/Interchange/Runtime/Content/Pipelines/DefaultGLTFSceneAssetsPipeline.uexp" 11
"../../../Engine/Plugins/Interchange/Runtime/Content/Pipelines/DefaultGLTFPipeline.uasset" 12
"../../../Engine/Plugins/Interchange/Runtime/Content/Pipelines/DefaultGLTFPipeline.uexp" 13
"../../../Engine/Plugins/Interchange/Runtime/Content/Pipelines/DefaultGLTFAssetsPipeline.uasset" 14
"../../../Engine/Plugins/Interchange/Runtime/Content/Pipelines/DefaultGLTFAssetsPipeline.uexp" 15
"../../../Engine/Plugins/Interchange/Runtime/Content/Pipelines/DefaultAssetsPipeline.uasset" 16
"../../../Engine/Plugins/Interchange/Runtime/Content/Pipelines/DefaultAssetsPipeline.uexp" 17
"../../../Engine/Plugins/Animation/ControlRig/Content/Controls/DefaultGizmoLibraryNormalized.uasset" 18
"../../../Engine/Plugins/Animation/ControlRig/Content/Controls/DefaultGizmoLibraryNormalized.uexp" 19
"../../../Engine/Plugins/2D/Paper2D/Content/PlaceholderTextures/DummySpriteTexture.ubulk" 20
"../../../Engine/Plugins/2D/Paper2D/Content/PlaceholderTextures/DummySpriteTexture.uasset" 21
"../../../Engine/Plugins/2D/Paper2D/Content/PlaceholderTextures/DummySpriteTexture.uexp" 22
"../../../Engine/Plugins/2D/Paper2D/Content/DummySprite.uasset" 23
"../../../Engine/Plugins/2D/Paper2D/Content/DummySprite.uexp" 24
"../../../Engine/Plugins/2D/Paper2D/Content/DefaultPaperTerrainMaterial.uasset" 25
"../../../Engine/Plugins/2D/Paper2D/Content/DefaultPaperTerrainMaterial.uexp" 26
"../../../Engine/Content/MobileResources/HUD/VirtualJoystick_Background.uasset" 27
"../../../Engine/Content/MobileResources/HUD/VirtualJoystick_Background.uexp" 28
"../../../Engine/Content/MobileResources/HUD/VirtualJoystick_Thumb.uasset" 29
"../../../Engine/Content/MobileResources/HUD/VirtualJoystick_Thumb.uexp" 30
"../../../Engine/Content/MobileResources/HUD/DefaultVirtualJoysticks.uasset" 31
"../../../Engine/Content/MobileResources/HUD/DefaultVirtualJoysticks.uexp" 32
"../../../Engine/Content/EngineSounds/Master.uasset" 33
"../../../Engine/Content/EngineSounds/Master.uexp" 34
"../../../Engine/Content/EngineMaterials/DefaultPhysicalMaterial.uasset" 35
"../../../Engine/Content/EngineMaterials/DefaultPhysicalMaterial.uexp" 36
"../../../Engine/Content/EngineMaterials/DefaultDestructiblePhysicalMaterial.uasset" 37
"../../../Engine/Content/EngineMaterials/DefaultDestructiblePhysicalMaterial.uexp" 38
"../../../Engine/Content/EngineFonts/Faces/RobotoLight.uexp" 39
"../../../Engine/Content/EngineFonts/Faces/RobotoLight.uasset" 40
"../../../Engine/Content/EngineFonts/Faces/RobotoLight.ufont" 41
"../../../Engine/Content/EngineFonts/Faces/RobotoBold.uexp" 42
"../../../Engine/Content/EngineFonts/Faces/RobotoBold.uasset" 43
"../../../Engine/Content/EngineFonts/Faces/RobotoBold.ufont" 44
"../../../Engine/Content/EngineFonts/Faces/RobotoRegular.uexp" 45
"../../../Engine/Content/EngineFonts/Faces/RobotoRegular.uasset" 46
"../../../Engine/Content/EngineFonts/Faces/RobotoRegular.ufont" 47
"../../../Engine/Content/EngineFonts/Faces/DroidSansFallback.uexp" 48
"../../../Engine/Content/EngineFonts/Faces/DroidSansFallback.uasset" 49
"../../../Engine/Content/EngineFonts/Faces/DroidSansFallback.ufont" 50
"../../../Engine/Content/EngineFonts/Faces/RobotoItalic.uexp" 51
"../../../Engine/Content/EngineFonts/Faces/RobotoItalic.uasset" 52
"../../../Engine/Content/EngineFonts/Faces/RobotoItalic.ufont" 53
"../../../Engine/Content/EngineFonts/Faces/RobotoBoldItalic.uexp" 54
"../../../Engine/Content/EngineFonts/Faces/RobotoBoldItalic.uasset" 55
"../../../Engine/Content/EngineFonts/Faces/RobotoBoldItalic.ufont" 56
"../../../Engine/Content/EngineFonts/Roboto.uasset" 57
"../../../Engine/Content/EngineFonts/Roboto.uexp" 58
"../../../Engine/Content/EditorResources/S_Actor.ubulk" 59
"../../../Engine/Content/EditorResources/S_Actor.uasset" 60
"../../../Engine/Content/EditorResources/S_Actor.uexp" 61
"../../../Engine/Content/EditorResources/S_BoxReflectionCapture.uasset" 62
"../../../Engine/Content/EditorResources/S_BoxReflectionCapture.uexp" 63
"../../../Engine/Content/EngineResources/DefaultTexture.ubulk" 64
"../../../Engine/Content/EngineResources/DefaultTexture.uasset" 65
"../../../Engine/Content/EngineResources/DefaultTexture.uexp" 66
"../../../Engine/Content/EngineResources/DefaultTextureCube.uasset" 67
"../../../Engine/Content/EngineResources/DefaultTextureCube.uexp" 68
"../../../Engine/Content/EngineResources/DefaultVolumeTexture2D.uasset" 69
"../../../Engine/Content/EngineResources/DefaultVolumeTexture2D.uexp" 70
"../../../Engine/Content/EngineResources/DefaultVolumeTexture.uasset" 71
"../../../Engine/Content/EngineResources/DefaultVolumeTexture.uexp" 72
"../../../Engine/Content/EditorResources/S_Trigger.ubulk" 73
"../../../Engine/Content/EditorResources/S_Trigger.uasset" 74
"../../../Engine/Content/EditorResources/S_Trigger.uexp" 75
"../../../Engine/Content/EditorResources/S_TriggerBox.uasset" 76
"../../../Engine/Content/EditorResources/S_TriggerBox.uexp" 77
"../../../Engine/Content/EditorResources/S_TriggerCapsule.uasset" 78
"../../../Engine/Content/EditorResources/S_TriggerCapsule.uexp" 79
"../../../Engine/Content/EditorResources/S_TriggerSphere.uasset" 80
"../../../Engine/Content/EditorResources/S_TriggerSphere.uexp" 81
"D:/UEProj/Key/Paw/Content/Characters/Mannequins/Meshes/SK_Mannequin.uasset" 82
"D:/UEProj/Key/Paw/Content/Characters/Mannequins/Meshes/SK_Mannequin.uexp" 83
"D:/UEProj/Key/Paw/Content/Characters/Mannequins/Textures/Quinn/T_Quinn_02ID_MSR_MSK.ubulk" 84
"D:/UEProj/Key/Paw/Content/Characters/Mannequins/Textures/Quinn/T_Quinn_02ID_MSR_MSK.uasset" 85
"D:/UEProj/Key/Paw/Content/Characters/Mannequins/Textures/Quinn/T_Quinn_02ID_MSR_MSK.uexp" 86
"D:/UEProj/Key/Paw/Content/Characters/Mannequins/Textures/Quinn/T_Quinn_02ID_BN.ubulk" 87
"D:/UEProj/Key/Paw/Content/Characters/Mannequins/Textures/Quinn/T_Quinn_02ID_BN.uasset" 88
"D:/UEProj/Key/Paw/Content/Characters/Mannequins/Textures/Quinn/T_Quinn_02ID_BN.uexp" 89
"D:/UEProj/Key/Paw/Content/Characters/Mannequins/Textures/Quinn/T_Quinn_02_ASAOMASK_MSK.ubulk" 90
"D:/UEProj/Key/Paw/Content/Characters/Mannequins/Textures/Quinn/T_Quinn_02_ASAOMASK_MSK.uasset" 91
"D:/UEProj/Key/Paw/Content/Characters/Mannequins/Textures/Quinn/T_Quinn_02_ASAOMASK_MSK.uexp" 92
"D:/UEProj/Key/Paw/Content/Characters/Mannequins/Textures/Quinn/T_Quinn_02_CCRCCPlastic_MSK.ubulk" 93
"D:/UEProj/Key/Paw/Content/Characters/Mannequins/Textures/Quinn/T_Quinn_02_CCRCCPlastic_MSK.uasset" 94
"D:/UEProj/Key/Paw/Content/Characters/Mannequins/Textures/Quinn/T_Quinn_02_CCRCCPlastic_MSK.uexp" 95
"D:/UEProj/Key/Paw/Content/Characters/Mannequins/Textures/Quinn/T_Quinn_02ID_Tan.ubulk" 96
"D:/UEProj/Key/Paw/Content/Characters/Mannequins/Textures/Quinn/T_Quinn_02ID_Tan.uasset" 97
"D:/UEProj/Key/Paw/Content/Characters/Mannequins/Textures/Quinn/T_Quinn_02ID_Tan.uexp" 98
"D:/UEProj/Key/Paw/Content/Characters/Mannequins/Textures/Quinn/T_Quinn_02ID_D.ubulk" 99
"D:/UEProj/Key/Paw/Content/Characters/Mannequins/Textures/Quinn/T_Quinn_02ID_D.uasset" 100
"D:/UEProj/Key/Paw/Content/Characters/Mannequins/Textures/Quinn/T_Quinn_02ID_D.uexp" 101
"D:/UEProj/Key/Paw/Content/Characters/Mannequins/Textures/Quinn/T_Quinn_01ID_MSR_MSK.ubulk" 102
"D:/UEProj/Key/Paw/Content/Characters/Mannequins/Textures/Quinn/T_Quinn_01ID_MSR_MSK.uasset" 103
"D:/UEProj/Key/Paw/Content/Characters/Mannequins/Textures/Quinn/T_Quinn_01ID_MSR_MSK.uexp" 104
"D:/UEProj/Key/Paw/Content/Characters/Mannequins/Materials/Functions/ChromaticCurve.uasset" 105
"D:/UEProj/Key/Paw/Content/Characters/Mannequins/Materials/Functions/ChromaticCurve.uexp" 106
"D:/UEProj/Key/Paw/Content/Characters/Mannequins/Materials/Functions/CA_Mannequin.uasset" 107
"D:/UEProj/Key/Paw/Content/Characters/Mannequins/Materials/Functions/CA_Mannequin.uexp" 108
"D:/UEProj/Key/Paw/Content/Characters/Mannequins/Materials/Functions/MF_Diffraction.uasset" 109
"D:/UEProj/Key/Paw/Content/Characters/Mannequins/Materials/Functions/MF_Diffraction.uexp" 110
"D:/UEProj/Key/Paw/Content/Characters/Mannequins/Textures/Manny/T_Manny_01_N.ubulk" 111
"D:/UEProj/Key/Paw/Content/Characters/Mannequins/Textures/Manny/T_Manny_01_N.uasset" 112
"D:/UEProj/Key/Paw/Content/Characters/Mannequins/Textures/Manny/T_Manny_01_N.uexp" 113
"D:/UEProj/Key/Paw/Content/Characters/Mannequins/Materials/Functions/ML_BaseColorFallOff.uasset" 114
"D:/UEProj/Key/Paw/Content/Characters/Mannequins/Materials/Functions/ML_BaseColorFallOff.uexp" 115
"../../../Engine/Content/Functions/Engine_MaterialFunctions02/Utility/BreakOutFloat2Components.uasset" 116
"../../../Engine/Content/Functions/Engine_MaterialFunctions02/Utility/BreakOutFloat2Components.uexp" 117
"../../../Engine/Content/Functions/Engine_MaterialFunctions01/Texturing/ScaleUVsByCenter.uasset" 118
"../../../Engine/Content/Functions/Engine_MaterialFunctions01/Texturing/ScaleUVsByCenter.uexp" 119
"D:/UEProj/Key/Paw/Content/Characters/Mannequins/Textures/Shared/T_UE_Logo_M.uasset" 120
"D:/UEProj/Key/Paw/Content/Characters/Mannequins/Textures/Shared/T_UE_Logo_M.uexp" 121
"D:/UEProj/Key/Paw/Content/Characters/Mannequins/Materials/Functions/MF_logo3layers.uasset" 122
"D:/UEProj/Key/Paw/Content/Characters/Mannequins/Materials/Functions/MF_logo3layers.uexp" 123
"D:/UEProj/Key/Paw/Content/Characters/Mannequins/Textures/Manny/T_Manny_01_CCRCCPlastic_MSK.ubulk" 124
"D:/UEProj/Key/Paw/Content/Characters/Mannequins/Textures/Manny/T_Manny_01_CCRCCPlastic_MSK.uasset" 125
"D:/UEProj/Key/Paw/Content/Characters/Mannequins/Textures/Manny/T_Manny_01_CCRCCPlastic_MSK.uexp" 126
"D:/UEProj/Key/Paw/Content/Characters/Mannequins/Textures/Manny/T_Manny_01_ASAOPMASK_MSK.ubulk" 127
"D:/UEProj/Key/Paw/Content/Characters/Mannequins/Textures/Manny/T_Manny_01_ASAOPMASK_MSK.uasset" 128
"D:/UEProj/Key/Paw/Content/Characters/Mannequins/Textures/Manny/T_Manny_01_ASAOPMASK_MSK.uexp" 129
"D:/UEProj/Key/Paw/Content/Characters/Mannequins/Textures/Manny/T_Manny_01_MSR_MSK.ubulk" 130
"D:/UEProj/Key/Paw/Content/Characters/Mannequins/Textures/Manny/T_Manny_01_MSR_MSK.uasset" 131
"D:/UEProj/Key/Paw/Content/Characters/Mannequins/Textures/Manny/T_Manny_01_MSR_MSK.uexp" 132
"D:/UEProj/Key/Paw/Content/Characters/Mannequins/Textures/Manny/T_Manny_01_BN.ubulk" 133
"D:/UEProj/Key/Paw/Content/Characters/Mannequins/Textures/Manny/T_Manny_01_BN.uasset" 134
"D:/UEProj/Key/Paw/Content/Characters/Mannequins/Textures/Manny/T_Manny_01_BN.uexp" 135
"D:/UEProj/Key/Paw/Content/Characters/Mannequins/Textures/Manny/T_Manny_01_D.ubulk" 136
"D:/UEProj/Key/Paw/Content/Characters/Mannequins/Textures/Manny/T_Manny_01_D.uasset" 137
"D:/UEProj/Key/Paw/Content/Characters/Mannequins/Textures/Manny/T_Manny_01_D.uexp" 138
"D:/UEProj/Key/Paw/Content/Characters/Mannequins/Textures/Manny/T_Manny_01_Tan.ubulk" 139
"D:/UEProj/Key/Paw/Content/Characters/Mannequins/Textures/Manny/T_Manny_01_Tan.uasset" 140
"D:/UEProj/Key/Paw/Content/Characters/Mannequins/Textures/Manny/T_Manny_01_Tan.uexp" 141
"D:/UEProj/Key/Paw/Content/Characters/Mannequins/Materials/M_Mannequin.uasset" 142
"D:/UEProj/Key/Paw/Content/Characters/Mannequins/Materials/M_Mannequin.uexp" 143
"D:/UEProj/Key/Paw/Content/Characters/Mannequins/Textures/Quinn/T_Quinn_01_ASAOMASK_MSK.ubulk" 144
"D:/UEProj/Key/Paw/Content/Characters/Mannequins/Textures/Quinn/T_Quinn_01_ASAOMASK_MSK.uasset" 145
"D:/UEProj/Key/Paw/Content/Characters/Mannequins/Textures/Quinn/T_Quinn_01_ASAOMASK_MSK.uexp" 146
"D:/UEProj/Key/Paw/Content/Characters/Mannequins/Textures/Quinn/T_Quinn_01ID_N.ubulk" 147
"D:/UEProj/Key/Paw/Content/Characters/Mannequins/Textures/Quinn/T_Quinn_01ID_N.uasset" 148
"D:/UEProj/Key/Paw/Content/Characters/Mannequins/Textures/Quinn/T_Quinn_01ID_N.uexp" 149
"D:/UEProj/Key/Paw/Content/Characters/Mannequins/Textures/Quinn/T_Quinn_01ID_BN.ubulk" 150
"D:/UEProj/Key/Paw/Content/Characters/Mannequins/Textures/Quinn/T_Quinn_01ID_BN.uasset" 151
"D:/UEProj/Key/Paw/Content/Characters/Mannequins/Textures/Quinn/T_Quinn_01ID_BN.uexp" 152
"D:/UEProj/Key/Paw/Content/Characters/Mannequins/Textures/Quinn/T_Quinn_01ID_D.ubulk" 153
"D:/UEProj/Key/Paw/Content/Characters/Mannequins/Textures/Quinn/T_Quinn_01ID_D.uasset" 154
"D:/UEProj/Key/Paw/Content/Characters/Mannequins/Textures/Quinn/T_Quinn_01ID_D.uexp" 155
"D:/UEProj/Key/Paw/Content/Characters/Mannequins/Textures/Quinn/T_Quinn_01ID_Tan.ubulk" 156
"D:/UEProj/Key/Paw/Content/Characters/Mannequins/Textures/Quinn/T_Quinn_01ID_Tan.uasset" 157
"D:/UEProj/Key/Paw/Content/Characters/Mannequins/Textures/Quinn/T_Quinn_01ID_Tan.uexp" 158
"D:/UEProj/Key/Paw/Content/Characters/Mannequins/Textures/Quinn/T_Quinn_01_CCRCCPlastic_MSK.ubulk" 159
"D:/UEProj/Key/Paw/Content/Characters/Mannequins/Textures/Quinn/T_Quinn_01_CCRCCPlastic_MSK.uasset" 160
"D:/UEProj/Key/Paw/Content/Characters/Mannequins/Textures/Quinn/T_Quinn_01_CCRCCPlastic_MSK.uexp" 161
"D:/UEProj/Key/Paw/Content/Characters/Mannequins/Materials/Instances/Quinn/MI_Quinn_01.uasset" 162
"D:/UEProj/Key/Paw/Content/Characters/Mannequins/Materials/Instances/Quinn/MI_Quinn_01.uexp" 163
"D:/UEProj/Key/Paw/Content/Characters/Mannequins/Textures/Quinn/T_Quinn_02ID_N.ubulk" 164
"D:/UEProj/Key/Paw/Content/Characters/Mannequins/Textures/Quinn/T_Quinn_02ID_N.uasset" 165
"D:/UEProj/Key/Paw/Content/Characters/Mannequins/Textures/Quinn/T_Quinn_02ID_N.uexp" 166
"D:/UEProj/Key/Paw/Content/Characters/Mannequins/Materials/Instances/Quinn/MI_Quinn_02.uasset" 167
"D:/UEProj/Key/Paw/Content/Characters/Mannequins/Materials/Instances/Quinn/MI_Quinn_02.uexp" 168
"D:/UEProj/Key/Paw/Content/Characters/Mannequins/Rigs/PA_Mannequin.uasset" 169
"D:/UEProj/Key/Paw/Content/Characters/Mannequins/Rigs/PA_Mannequin.uexp" 170
"D:/UEProj/Key/Paw/Content/Characters/Mannequins/Meshes/SKM_Quinn_Simple.uasset" 171
"D:/UEProj/Key/Paw/Content/Characters/Mannequins/Meshes/SKM_Quinn_Simple.uexp" 172
"D:/UEProj/Key/Paw/Content/ThirdPerson/Input/Actions/IA_Jump.uasset" 173
"D:/UEProj/Key/Paw/Content/ThirdPerson/Input/Actions/IA_Jump.uexp" 174
"D:/UEProj/Key/Paw/Content/ThirdPerson/Input/Actions/IA_Look.uasset" 175
"D:/UEProj/Key/Paw/Content/ThirdPerson/Input/Actions/IA_Look.uexp" 176
"D:/UEProj/Key/Paw/Content/ThirdPerson/Input/Actions/IA_Move.uasset" 177
"D:/UEProj/Key/Paw/Content/ThirdPerson/Input/Actions/IA_Move.uexp" 178
"D:/UEProj/Key/Paw/Content/ThirdPerson/Input/IMC_Default.uasset" 179
"D:/UEProj/Key/Paw/Content/ThirdPerson/Input/IMC_Default.uexp" 180
"../../../Engine/Content/Animation/DefaultAnimCurveCompressionSettings.uasset" 181
"../../../Engine/Content/Animation/DefaultAnimCurveCompressionSettings.uexp" 182
"../../../Engine/Content/Animation/DefaultAnimBoneCompressionSettings.uasset" 183
"../../../Engine/Content/Animation/DefaultAnimBoneCompressionSettings.uexp" 184
"D:/UEProj/Key/Paw/Content/Characters/Mannequins/Animations/Quinn/MF_Run_Fwd.uasset" 185
"D:/UEProj/Key/Paw/Content/Characters/Mannequins/Animations/Quinn/MF_Run_Fwd.uexp" 186
"D:/UEProj/Key/Paw/Content/Characters/Mannequins/Animations/Quinn/MF_Walk_Fwd.uasset" 187
"D:/UEProj/Key/Paw/Content/Characters/Mannequins/Animations/Quinn/MF_Walk_Fwd.uexp" 188
"../../../Engine/Content/Animation/DefaultRecorderBoneCompression.uasset" 189
"../../../Engine/Content/Animation/DefaultRecorderBoneCompression.uexp" 190
"D:/UEProj/Key/Paw/Content/Characters/Mannequins/Animations/Manny/MM_Walk_InPlace.uasset" 191
"D:/UEProj/Key/Paw/Content/Characters/Mannequins/Animations/Manny/MM_Walk_InPlace.uexp" 192
"D:/UEProj/Key/Paw/Content/Characters/Mannequins/Animations/Quinn/BS_MF_Unarmed_WalkRun.uasset" 193
"D:/UEProj/Key/Paw/Content/Characters/Mannequins/Animations/Quinn/BS_MF_Unarmed_WalkRun.uexp" 194
"D:/UEProj/Key/Paw/Content/Characters/Mannequins/Animations/Quinn/MF_Idle.uasset" 195
"D:/UEProj/Key/Paw/Content/Characters/Mannequins/Animations/Quinn/MF_Idle.uexp" 196
"../../../Engine/Content/Animation/DefaultVariableFrameStrippingSettings.uasset" 197
"../../../Engine/Content/Animation/DefaultVariableFrameStrippingSettings.uexp" 198
"D:/UEProj/Key/Paw/Content/Characters/Mannequins/Animations/Manny/MM_Fall_Loop.uasset" 199
"D:/UEProj/Key/Paw/Content/Characters/Mannequins/Animations/Manny/MM_Fall_Loop.uexp" 200
"D:/UEProj/Key/Paw/Content/Characters/Mannequins/Animations/Manny/MM_Jump.uasset" 201
"D:/UEProj/Key/Paw/Content/Characters/Mannequins/Animations/Manny/MM_Jump.uexp" 202
"../../../Engine/Plugins/Animation/ControlRig/Content/Controls/DefaultGizmoLibrary.uasset" 203
"../../../Engine/Plugins/Animation/ControlRig/Content/Controls/DefaultGizmoLibrary.uexp" 204
"D:/UEProj/Key/Paw/Content/Characters/Mannequins/Rigs/CR_Mannequin_BasicFootIK.uasset" 205
"D:/UEProj/Key/Paw/Content/Characters/Mannequins/Rigs/CR_Mannequin_BasicFootIK.uexp" 206
"D:/UEProj/Key/Paw/Content/Characters/Mannequins/Animations/Manny/MM_Run_Fwd.uasset" 207
"D:/UEProj/Key/Paw/Content/Characters/Mannequins/Animations/Manny/MM_Run_Fwd.uexp" 208
"D:/UEProj/Key/Paw/Content/Characters/Mannequins/Animations/Manny/MM_Walk_Fwd.uasset" 209
"D:/UEProj/Key/Paw/Content/Characters/Mannequins/Animations/Manny/MM_Walk_Fwd.uexp" 210
"D:/UEProj/Key/Paw/Content/Characters/Mannequins/Animations/Manny/BS_MM_WalkRun.uasset" 211
"D:/UEProj/Key/Paw/Content/Characters/Mannequins/Animations/Manny/BS_MM_WalkRun.uexp" 212
"D:/UEProj/Key/Paw/Content/Characters/Mannequins/Animations/Manny/MM_Land.uasset" 213
"D:/UEProj/Key/Paw/Content/Characters/Mannequins/Animations/Manny/MM_Land.uexp" 214
"D:/UEProj/Key/Paw/Content/Characters/Mannequins/Animations/Manny/MM_Idle.uasset" 215
"D:/UEProj/Key/Paw/Content/Characters/Mannequins/Animations/Manny/MM_Idle.uexp" 216
"D:/UEProj/Key/Paw/Content/Characters/Mannequins/Animations/ABP_Manny.uasset" 217
"D:/UEProj/Key/Paw/Content/Characters/Mannequins/Animations/ABP_Manny.uexp" 218
"D:/UEProj/Key/Paw/Content/Characters/Mannequins/Animations/ABP_Quinn.uasset" 219
"D:/UEProj/Key/Paw/Content/Characters/Mannequins/Animations/ABP_Quinn.uexp" 220
"D:/UEProj/Key/Paw/Content/ThirdPerson/Blueprints/BP_ThirdPersonCharacter.uasset" 221
"D:/UEProj/Key/Paw/Content/ThirdPerson/Blueprints/BP_ThirdPersonCharacter.uexp" 222
"../../../Engine/Plugins/Runtime/MeshModelingToolset/Content/Materials/M_DynamicMeshComponentVtxColor.uasset" 223
"../../../Engine/Plugins/Runtime/MeshModelingToolset/Content/Materials/M_DynamicMeshComponentVtxColor.uexp" 224
"../../../Engine/Plugins/Runtime/HairStrands/Content/Materials/HairMeshesDefaultMaterial.uasset" 225
"../../../Engine/Plugins/Runtime/HairStrands/Content/Materials/HairMeshesDefaultMaterial.uexp" 226
"../../../Engine/Plugins/Runtime/HairStrands/Content/Materials/HairDefaultMaterial.uasset" 227
"../../../Engine/Plugins/Runtime/HairStrands/Content/Materials/HairDefaultMaterial.uexp" 228
"../../../Engine/Plugins/Runtime/HairStrands/Content/Materials/HairGroupColors.uasset" 229
"../../../Engine/Plugins/Runtime/HairStrands/Content/Materials/HairGroupColors.uexp" 230
"../../../Engine/Content/Functions/Engine_MaterialFunctions02/Utility/MakeFloat2.uasset" 231
"../../../Engine/Content/Functions/Engine_MaterialFunctions02/Utility/MakeFloat2.uexp" 232
"../../../Engine/Content/Functions/Engine_MaterialFunctions02/Utility/MakeFloat3.uasset" 233
"../../../Engine/Content/Functions/Engine_MaterialFunctions02/Utility/MakeFloat3.uexp" 234
"../../../Engine/Content/EngineMaterials/HairColorMap.uasset" 235
"../../../Engine/Content/EngineMaterials/HairColorMap.uexp" 236
"../../../Engine/Content/EngineMaterials/HairDebugColor.uasset" 237
"../../../Engine/Content/EngineMaterials/HairDebugColor.uexp" 238
"../../../Engine/Plugins/Runtime/HairStrands/Content/Materials/HairDebugMaterial.uasset" 239
"../../../Engine/Plugins/Runtime/HairStrands/Content/Materials/HairDebugMaterial.uexp" 240
"../../../Engine/Plugins/Runtime/HairStrands/Content/Materials/HairCardsDefaultMaterial.uasset" 241
"../../../Engine/Plugins/Runtime/HairStrands/Content/Materials/HairCardsDefaultMaterial.uexp" 242
"../../../Engine/Plugins/Runtime/AudioWidgets/Content/Resources/ScrubHandleDown_Clamped.uasset" 243
"../../../Engine/Plugins/Runtime/AudioWidgets/Content/Resources/ScrubHandleDown_Clamped.uexp" 244
"../../../Engine/Content/Functions/Engine_MaterialFunctions02/Texturing/CustomRotator.uasset" 245
"../../../Engine/Content/Functions/Engine_MaterialFunctions02/Texturing/CustomRotator.uexp" 246
"../../../Engine/Plugins/Runtime/AudioWidgets/Content/AudioMaterialSlate/Functions/MF_SingleLine_Smooth.uasset" 247
"../../../Engine/Plugins/Runtime/AudioWidgets/Content/AudioMaterialSlate/Functions/MF_SingleLine_Smooth.uexp" 248
"../../../Engine/Plugins/Runtime/AudioWidgets/Content/AudioMaterialSlate/Functions/MF_AngleGradient.uasset" 249
"../../../Engine/Plugins/Runtime/AudioWidgets/Content/AudioMaterialSlate/Functions/MF_AngleGradient.uexp" 250
"../../../Engine/Plugins/Runtime/AudioWidgets/Content/AudioMaterialSlate/Functions/MF_SingleLine.uasset" 251
"../../../Engine/Plugins/Runtime/AudioWidgets/Content/AudioMaterialSlate/Functions/MF_SingleLine.uexp" 252
"../../../Engine/Content/Functions/Engine_MaterialFunctions01/Gradient/SphereGradient-2D.uasset" 253
"../../../Engine/Content/Functions/Engine_MaterialFunctions01/Gradient/SphereGradient-2D.uexp" 254
"../../../Engine/Plugins/Runtime/AudioWidgets/Content/AudioMaterialSlate/M_AudioMaterialToggleButton.uasset" 255
"../../../Engine/Plugins/Runtime/AudioWidgets/Content/AudioMaterialSlate/M_AudioMaterialToggleButton.uexp" 256
"../../../Engine/Plugins/Runtime/AudioWidgets/Content/AudioMaterialSlate/MI_AudioMaterialToggleButton.uasset" 257
"../../../Engine/Plugins/Runtime/AudioWidgets/Content/AudioMaterialSlate/MI_AudioMaterialToggleButton.uexp" 258
"../../../Engine/Content/Functions/Engine_MaterialFunctions02/Utility/VectorLength.uasset" 259
"../../../Engine/Content/Functions/Engine_MaterialFunctions02/Utility/VectorLength.uexp" 260
"../../../Engine/Content/Functions/Engine_MaterialFunctions01/Gradient/GeneratedRoundRect.uasset" 261
"../../../Engine/Content/Functions/Engine_MaterialFunctions01/Gradient/GeneratedRoundRect.uexp" 262
"../../../Engine/Plugins/Runtime/AudioWidgets/Content/AudioMaterialSlate/M_AudioMaterialRoundedSlider.uasset" 263
"../../../Engine/Plugins/Runtime/AudioWidgets/Content/AudioMaterialSlate/M_AudioMaterialRoundedSlider.uexp" 264
"../../../Engine/Plugins/Runtime/AudioWidgets/Content/AudioMaterialSlate/MI_AudioMaterialRoundedSlider.uasset" 265
"../../../Engine/Plugins/Runtime/AudioWidgets/Content/AudioMaterialSlate/MI_AudioMaterialRoundedSlider.uexp" 266
"../../../Engine/Plugins/Runtime/AudioWidgets/Content/AudioMaterialSlate/Functions/MF_Lines.uasset" 267
"../../../Engine/Plugins/Runtime/AudioWidgets/Content/AudioMaterialSlate/Functions/MF_Lines.uexp" 268
"../../../Engine/Content/Functions/Engine_MaterialFunctions02/Lerp_3Color.uasset" 269
"../../../Engine/Content/Functions/Engine_MaterialFunctions02/Lerp_3Color.uexp" 270
"../../../Engine/Plugins/Runtime/AudioWidgets/Content/AudioMaterialSlate/M_AudioMaterialMeter.uasset" 271
"../../../Engine/Plugins/Runtime/AudioWidgets/Content/AudioMaterialSlate/M_AudioMaterialMeter.uexp" 272
"../../../Engine/Plugins/Runtime/AudioWidgets/Content/AudioMaterialSlate/MI_AudioMaterialMeter.uasset" 273
"../../../Engine/Plugins/Runtime/AudioWidgets/Content/AudioMaterialSlate/MI_AudioMaterialMeter.uexp" 274
"../../../Engine/Plugins/Runtime/AudioWidgets/Content/AudioMaterialSlate/M_AudioMaterialKnob.uasset" 275
"../../../Engine/Plugins/Runtime/AudioWidgets/Content/AudioMaterialSlate/M_AudioMaterialKnob.uexp" 276
"../../../Engine/Plugins/Runtime/AudioWidgets/Content/AudioMaterialSlate/MI_AudioMaterialKnob.uasset" 277
"../../../Engine/Plugins/Runtime/AudioWidgets/Content/AudioMaterialSlate/MI_AudioMaterialKnob.uexp" 278
"../../../Engine/Plugins/Runtime/AudioWidgets/Content/AudioMaterialSlate/Functions/MF_DotOutlined.uasset" 279
"../../../Engine/Plugins/Runtime/AudioWidgets/Content/AudioMaterialSlate/Functions/MF_DotOutlined.uexp" 280
"../../../Engine/Plugins/Runtime/AudioWidgets/Content/AudioMaterialSlate/M_AudioMaterialEnvelope_ADSR.uasset" 281
"../../../Engine/Plugins/Runtime/AudioWidgets/Content/AudioMaterialSlate/M_AudioMaterialEnvelope_ADSR.uexp" 282
"../../../Engine/Plugins/Runtime/AudioWidgets/Content/AudioMaterialSlate/MI_AudioMaterialEnvelope_ADSR.uasset" 283
"../../../Engine/Plugins/Runtime/AudioWidgets/Content/AudioMaterialSlate/MI_AudioMaterialEnvelope_ADSR.uexp" 284
"../../../Engine/Plugins/NNE/NNEDenoiser/Content/NNEDTOM_Output_Default.uasset" 285
"../../../Engine/Plugins/NNE/NNEDenoiser/Content/NNEDTOM_Output_Default.uexp" 286
"../../../Engine/Plugins/NNE/NNEDenoiser/Content/NNEDTOM_Output_Alpha.uasset" 287
"../../../Engine/Plugins/NNE/NNEDenoiser/Content/NNEDTOM_Output_Alpha.uexp" 288
"../../../Engine/Plugins/NNE/NNEDenoiser/Content/NNEDTIM_ColorAlbedoNormal_Default.uasset" 289
"../../../Engine/Plugins/NNE/NNEDenoiser/Content/NNEDTIM_ColorAlbedoNormal_Default.uexp" 290
"../../../Engine/Plugins/NNE/NNEDenoiser/Content/NNEDTIM_ColorAlbedoNormal_Alpha.uasset" 291
"../../../Engine/Plugins/NNE/NNEDenoiser/Content/NNEDTIM_ColorAlbedoNormal_Alpha.uexp" 292
"../../../Engine/Plugins/NNE/NNEDenoiser/Content/NNEDOM_Output_Default.uasset" 293
"../../../Engine/Plugins/NNE/NNEDenoiser/Content/NNEDOM_Output_Default.uexp" 294
"../../../Engine/Plugins/NNE/NNEDenoiser/Content/NNEDOM_Output_Alpha.uasset" 295
"../../../Engine/Plugins/NNE/NNEDenoiser/Content/NNEDOM_Output_Alpha.uexp" 296
"../../../Engine/Plugins/NNE/NNEDenoiser/Content/NNEDIM_HighQuality_Default.uasset" 297
"../../../Engine/Plugins/NNE/NNEDenoiser/Content/NNEDIM_HighQuality_Default.uexp" 298
"../../../Engine/Plugins/NNE/NNEDenoiser/Content/NNEDIM_HighQuality_Alpha.uasset" 299
"../../../Engine/Plugins/NNE/NNEDenoiser/Content/NNEDIM_HighQuality_Alpha.uexp" 300
"../../../Engine/Plugins/NNE/NNEDenoiser/Content/NNEDIM_ColorAlbedoNormal_Default.uasset" 301
"../../../Engine/Plugins/NNE/NNEDenoiser/Content/NNEDIM_ColorAlbedoNormal_Default.uexp" 302
"../../../Engine/Plugins/NNE/NNEDenoiser/Content/NNEDIM_ColorAlbedoNormal_Alpha.uasset" 303
"../../../Engine/Plugins/NNE/NNEDenoiser/Content/NNEDIM_ColorAlbedoNormal_Alpha.uexp" 304
"../../../Engine/Content/EngineMaterials/T_Default_Material_Grid_M.ubulk" 305
"../../../Engine/Content/EngineMaterials/T_Default_Material_Grid_M.uasset" 306
"../../../Engine/Content/EngineMaterials/T_Default_Material_Grid_M.uexp" 307
"../../../Engine/Content/EngineMaterials/T_Default_Material_Grid_N.ubulk" 308
"../../../Engine/Content/EngineMaterials/T_Default_Material_Grid_N.uasset" 309
"../../../Engine/Content/EngineMaterials/T_Default_Material_Grid_N.uexp" 310
"../../../Engine/Content/Functions/Engine_MaterialFunctions01/Opacity/CameraDepthFade.uasset" 311
"../../../Engine/Content/Functions/Engine_MaterialFunctions01/Opacity/CameraDepthFade.uexp" 312
"../../../Engine/Content/EngineMaterials/WorldGridMaterial.uasset" 313
"../../../Engine/Content/EngineMaterials/WorldGridMaterial.uexp" 314
"../../../Engine/Plugins/Media/MediaPlate/Content/SM_MediaPlateScreen.ubulk" 315
"../../../Engine/Plugins/Media/MediaPlate/Content/SM_MediaPlateScreen.uasset" 316
"../../../Engine/Plugins/Media/MediaPlate/Content/SM_MediaPlateScreen.uexp" 317
"../../../Engine/Plugins/Marketplace/Blockouta97b42e05863V12/Content/Textures/T_Blockout_Actor_Icon.ubulk" 318
"../../../Engine/Plugins/Marketplace/Blockouta97b42e05863V12/Content/Textures/T_Blockout_Actor_Icon.uasset" 319
"../../../Engine/Plugins/Marketplace/Blockouta97b42e05863V12/Content/Textures/T_Blockout_Actor_Icon.uexp" 320
"../../../Engine/Content/EngineMaterials/BlendFunc_DefBlend.uasset" 321
"../../../Engine/Content/EngineMaterials/BlendFunc_DefBlend.uexp" 322
"../../../Engine/Content/EngineMaterials/BlendFunc_DefBase.uasset" 323
"../../../Engine/Content/EngineMaterials/BlendFunc_DefBase.uexp" 324
"../../../Engine/Content/Functions/Engine_MaterialFunctions03/Blends/Blend_Screen.uasset" 325
"../../../Engine/Content/Functions/Engine_MaterialFunctions03/Blends/Blend_Screen.uexp" 326
"../../../Engine/Plugins/Marketplace/Blockouta97b42e05863V12/Content/Textures/T_Blockout_Grid.ubulk" 327
"../../../Engine/Plugins/Marketplace/Blockouta97b42e05863V12/Content/Textures/T_Blockout_Grid.uasset" 328
"../../../Engine/Plugins/Marketplace/Blockouta97b42e05863V12/Content/Textures/T_Blockout_Grid.uexp" 329
"../../../Engine/Content/Functions/Engine_MaterialFunctions02/WorldPositionOffset/ObjectScale.uasset" 330
"../../../Engine/Content/Functions/Engine_MaterialFunctions02/WorldPositionOffset/ObjectScale.uexp" 331
"../../../Engine/Content/Functions/Engine_MaterialFunctions01/Gradient/LinearGradient.uasset" 332
"../../../Engine/Content/Functions/Engine_MaterialFunctions01/Gradient/LinearGradient.uexp" 333
"../../../Engine/Content/Functions/Engine_MaterialFunctions01/ImageAdjustment/CheapContrast.uasset" 334
"../../../Engine/Content/Functions/Engine_MaterialFunctions01/ImageAdjustment/CheapContrast.uexp" 335
"../../../Engine/Content/EngineMaterials/DefaultWhiteGrid.ubulk" 336
"../../../Engine/Content/EngineMaterials/DefaultWhiteGrid.uasset" 337
"../../../Engine/Content/EngineMaterials/DefaultWhiteGrid.uexp" 338
"../../../Engine/Plugins/Marketplace/Blockouta97b42e05863V12/Content/Materials/Functions/MF_Blockout_Grid.uasset" 339
"../../../Engine/Plugins/Marketplace/Blockouta97b42e05863V12/Content/Materials/Functions/MF_Blockout_Grid.uexp" 340
"../../../Engine/Plugins/Marketplace/Blockouta97b42e05863V12/Content/Materials/Functions/MF_Blockout_Triplanar_Grid.uasset" 341
"../../../Engine/Plugins/Marketplace/Blockouta97b42e05863V12/Content/Materials/Functions/MF_Blockout_Triplanar_Grid.uexp" 342
"../../../Engine/Plugins/Marketplace/Blockouta97b42e05863V12/Content/Materials/M_BlockoutTools_Grid.uasset" 343
"../../../Engine/Plugins/Marketplace/Blockouta97b42e05863V12/Content/Materials/M_BlockoutTools_Grid.uexp" 344
"../../../Engine/Plugins/Marketplace/Blockouta97b42e05863V12/Content/Materials/MI_BlockoutTools_Grid.uasset" 345
"../../../Engine/Plugins/Marketplace/Blockouta97b42e05863V12/Content/Materials/MI_BlockoutTools_Grid.uexp" 346
"../../../Engine/Content/EngineMaterials/T_Default_BaseColor.ubulk" 347
"../../../Engine/Content/EngineMaterials/T_Default_BaseColor.uasset" 348
"../../../Engine/Content/EngineMaterials/T_Default_BaseColor.uexp" 349
"../../../Engine/Plugins/Marketplace/Blockouta97b42e05863V12/Content/Materials/Functions/MF_Blockout_Triplanar.uasset" 350
"../../../Engine/Plugins/Marketplace/Blockouta97b42e05863V12/Content/Materials/Functions/MF_Blockout_Triplanar.uexp" 351
"../../../Engine/Content/EngineMaterials/T_Default_Normal.ubulk" 352
"../../../Engine/Content/EngineMaterials/T_Default_Normal.uasset" 353
"../../../Engine/Content/EngineMaterials/T_Default_Normal.uexp" 354
"../../../Engine/Plugins/Marketplace/Blockouta97b42e05863V12/Content/Materials/Functions/MF_Blockout_Triplanar_Normal.uasset" 355
"../../../Engine/Plugins/Marketplace/Blockouta97b42e05863V12/Content/Materials/Functions/MF_Blockout_Triplanar_Normal.uexp" 356
"../../../Engine/Plugins/Marketplace/Blockouta97b42e05863V12/Content/Materials/M_BlockoutTools_Custom.uasset" 357
"../../../Engine/Plugins/Marketplace/Blockouta97b42e05863V12/Content/Materials/M_BlockoutTools_Custom.uexp" 358
"../../../Engine/Plugins/Marketplace/Blockouta97b42e05863V12/Content/Materials/MI_BlockoutTools_Custom.uasset" 359
"../../../Engine/Plugins/Marketplace/Blockouta97b42e05863V12/Content/Materials/MI_BlockoutTools_Custom.uexp" 360
"../../../Engine/Plugins/Marketplace/Blockouta97b42e05863V12/Content/Meshes/SM_Blockout_Box.ubulk" 361
"../../../Engine/Plugins/Marketplace/Blockouta97b42e05863V12/Content/Meshes/SM_Blockout_Box.uasset" 362
"../../../Engine/Plugins/Marketplace/Blockouta97b42e05863V12/Content/Meshes/SM_Blockout_Box.uexp" 363
"../../../Engine/Plugins/Marketplace/Blockouta97b42e05863V12/Content/Blueprints/Utility/BlockoutToolsFunctions.uasset" 364
"../../../Engine/Plugins/Marketplace/Blockouta97b42e05863V12/Content/Blueprints/Utility/BlockoutToolsFunctions.uexp" 365
"../../../Engine/Plugins/Marketplace/Blockouta97b42e05863V12/Content/Blueprints/Blockout_Window.uasset" 366
"../../../Engine/Plugins/Marketplace/Blockouta97b42e05863V12/Content/Blueprints/Blockout_Window.uexp" 367
"../../../Engine/Plugins/Marketplace/Blockouta97b42e05863V12/Content/Meshes/SM_Blockout_Box_Right.ubulk" 368
"../../../Engine/Plugins/Marketplace/Blockouta97b42e05863V12/Content/Meshes/SM_Blockout_Box_Right.uasset" 369
"../../../Engine/Plugins/Marketplace/Blockouta97b42e05863V12/Content/Meshes/SM_Blockout_Box_Right.uexp" 370
"../../../Engine/Plugins/Marketplace/Blockouta97b42e05863V12/Content/Blueprints/Utility/EBlockoutAlignment.uasset" 371
"../../../Engine/Plugins/Marketplace/Blockouta97b42e05863V12/Content/Blueprints/Utility/EBlockoutAlignment.uexp" 372
"../../../Engine/Plugins/Marketplace/Blockouta97b42e05863V12/Content/Meshes/SM_Blockout_Box_Centered.ubulk" 373
"../../../Engine/Plugins/Marketplace/Blockouta97b42e05863V12/Content/Meshes/SM_Blockout_Box_Centered.uasset" 374
"../../../Engine/Plugins/Marketplace/Blockouta97b42e05863V12/Content/Meshes/SM_Blockout_Box_Centered.uexp" 375
"../../../Engine/Content/EditorBlueprintResources/StandardMacros.uasset" 376
"../../../Engine/Content/EditorBlueprintResources/StandardMacros.uexp" 377
"../../../Engine/Plugins/Marketplace/Blockouta97b42e05863V12/Content/Blueprints/Blockout_Tube.uasset" 378
"../../../Engine/Plugins/Marketplace/Blockouta97b42e05863V12/Content/Blueprints/Blockout_Tube.uexp" 379
"../../../Engine/Plugins/Marketplace/Blockouta97b42e05863V12/Content/Blueprints/Utility/EBlockoutStairsType.uasset" 380
"../../../Engine/Plugins/Marketplace/Blockouta97b42e05863V12/Content/Blueprints/Utility/EBlockoutStairsType.uexp" 381
"../../../Engine/Plugins/Marketplace/Blockouta97b42e05863V12/Content/Meshes/SM_Blockout_Step_Box.ubulk" 382
"../../../Engine/Plugins/Marketplace/Blockouta97b42e05863V12/Content/Meshes/SM_Blockout_Step_Box.uasset" 383
"../../../Engine/Plugins/Marketplace/Blockouta97b42e05863V12/Content/Meshes/SM_Blockout_Step_Box.uexp" 384
"../../../Engine/Plugins/Marketplace/Blockouta97b42e05863V12/Content/Meshes/SM_Blockout_Step_Sloped_Linear.ubulk" 385
"../../../Engine/Plugins/Marketplace/Blockouta97b42e05863V12/Content/Meshes/SM_Blockout_Step_Sloped_Linear.uasset" 386
"../../../Engine/Plugins/Marketplace/Blockouta97b42e05863V12/Content/Meshes/SM_Blockout_Step_Sloped_Linear.uexp" 387
"../../../Engine/Plugins/Marketplace/Blockouta97b42e05863V12/Content/Blueprints/Blockout_Stairs_Linear_Manual.uasset" 388
"../../../Engine/Plugins/Marketplace/Blockouta97b42e05863V12/Content/Blueprints/Blockout_Stairs_Linear_Manual.uexp" 389
"../../../Engine/Plugins/Marketplace/Blockouta97b42e05863V12/Content/Blueprints/Blockout_Stairs_Linear.uasset" 390
"../../../Engine/Plugins/Marketplace/Blockouta97b42e05863V12/Content/Blueprints/Blockout_Stairs_Linear.uexp" 391
"../../../Engine/Plugins/Marketplace/Blockouta97b42e05863V12/Content/Meshes/SM_Blockout_Step_Sloped_Centered.ubulk" 392
"../../../Engine/Plugins/Marketplace/Blockouta97b42e05863V12/Content/Meshes/SM_Blockout_Step_Sloped_Centered.uasset" 393
"../../../Engine/Plugins/Marketplace/Blockouta97b42e05863V12/Content/Meshes/SM_Blockout_Step_Sloped_Centered.uexp" 394
"../../../Engine/Plugins/Marketplace/Blockouta97b42e05863V12/Content/Meshes/SM_Blockout_Step_Box_Centered.ubulk" 395
"../../../Engine/Plugins/Marketplace/Blockouta97b42e05863V12/Content/Meshes/SM_Blockout_Step_Box_Centered.uasset" 396
"../../../Engine/Plugins/Marketplace/Blockouta97b42e05863V12/Content/Meshes/SM_Blockout_Step_Box_Centered.uexp" 397
"../../../Engine/Plugins/Marketplace/Blockouta97b42e05863V12/Content/Blueprints/Blockout_Stairs_Curved.uasset" 398
"../../../Engine/Plugins/Marketplace/Blockouta97b42e05863V12/Content/Blueprints/Blockout_Stairs_Curved.uexp" 399
"../../../Engine/Plugins/Marketplace/Blockouta97b42e05863V12/Content/Meshes/SM_Blockout_Sphere_Q4.ubulk" 400
"../../../Engine/Plugins/Marketplace/Blockouta97b42e05863V12/Content/Meshes/SM_Blockout_Sphere_Q4.uasset" 401
"../../../Engine/Plugins/Marketplace/Blockouta97b42e05863V12/Content/Meshes/SM_Blockout_Sphere_Q4.uexp" 402
"../../../Engine/Plugins/Marketplace/Blockouta97b42e05863V12/Content/Meshes/SM_Blockout_Hemisphere_Q4.ubulk" 403
"../../../Engine/Plugins/Marketplace/Blockouta97b42e05863V12/Content/Meshes/SM_Blockout_Hemisphere_Q4.uasset" 404
"../../../Engine/Plugins/Marketplace/Blockouta97b42e05863V12/Content/Meshes/SM_Blockout_Hemisphere_Q4.uexp" 405
"../../../Engine/Plugins/Marketplace/Blockouta97b42e05863V12/Content/Meshes/SM_Blockout_Hemisphere_Q3.ubulk" 406
"../../../Engine/Plugins/Marketplace/Blockouta97b42e05863V12/Content/Meshes/SM_Blockout_Hemisphere_Q3.uasset" 407
"../../../Engine/Plugins/Marketplace/Blockouta97b42e05863V12/Content/Meshes/SM_Blockout_Hemisphere_Q3.uexp" 408
"../../../Engine/Plugins/Marketplace/Blockouta97b42e05863V12/Content/Meshes/SM_Blockout_Hemisphere_Q1.ubulk" 409
"../../../Engine/Plugins/Marketplace/Blockouta97b42e05863V12/Content/Meshes/SM_Blockout_Hemisphere_Q1.uasset" 410
"../../../Engine/Plugins/Marketplace/Blockouta97b42e05863V12/Content/Meshes/SM_Blockout_Hemisphere_Q1.uexp" 411
"../../../Engine/Plugins/Marketplace/Blockouta97b42e05863V12/Content/Meshes/SM_Blockout_Sphere_Q3.ubulk" 412
"../../../Engine/Plugins/Marketplace/Blockouta97b42e05863V12/Content/Meshes/SM_Blockout_Sphere_Q3.uasset" 413
"../../../Engine/Plugins/Marketplace/Blockouta97b42e05863V12/Content/Meshes/SM_Blockout_Sphere_Q3.uexp" 414
"../../../Engine/Plugins/Marketplace/Blockouta97b42e05863V12/Content/Meshes/SM_Blockout_Hemisphere_Q2.ubulk" 415
"../../../Engine/Plugins/Marketplace/Blockouta97b42e05863V12/Content/Meshes/SM_Blockout_Hemisphere_Q2.uasset" 416
"../../../Engine/Plugins/Marketplace/Blockouta97b42e05863V12/Content/Meshes/SM_Blockout_Hemisphere_Q2.uexp" 417
"../../../Engine/Plugins/Marketplace/Blockouta97b42e05863V12/Content/Meshes/SM_Blockout_Sphere_Q2.ubulk" 418
"../../../Engine/Plugins/Marketplace/Blockouta97b42e05863V12/Content/Meshes/SM_Blockout_Sphere_Q2.uasset" 419
"../../../Engine/Plugins/Marketplace/Blockouta97b42e05863V12/Content/Meshes/SM_Blockout_Sphere_Q2.uexp" 420
"../../../Engine/Plugins/Marketplace/Blockouta97b42e05863V12/Content/Meshes/SM_Blockout_Sphere_Q1.ubulk" 421
"../../../Engine/Plugins/Marketplace/Blockouta97b42e05863V12/Content/Meshes/SM_Blockout_Sphere_Q1.uasset" 422
"../../../Engine/Plugins/Marketplace/Blockouta97b42e05863V12/Content/Meshes/SM_Blockout_Sphere_Q1.uexp" 423
"../../../Engine/Plugins/Marketplace/Blockouta97b42e05863V12/Content/Blueprints/Blockout_Sphere.uasset" 424
"../../../Engine/Plugins/Marketplace/Blockouta97b42e05863V12/Content/Blueprints/Blockout_Sphere.uexp" 425
"../../../Engine/Plugins/Marketplace/Blockouta97b42e05863V12/Content/Blueprints/Blockout_Skewbox.uasset" 426
"../../../Engine/Plugins/Marketplace/Blockouta97b42e05863V12/Content/Blueprints/Blockout_Skewbox.uexp" 427
"../../../Engine/Plugins/Marketplace/Blockouta97b42e05863V12/Content/Meshes/SM_Blockout_Ramp.ubulk" 428
"../../../Engine/Plugins/Marketplace/Blockouta97b42e05863V12/Content/Meshes/SM_Blockout_Ramp.uasset" 429
"../../../Engine/Plugins/Marketplace/Blockouta97b42e05863V12/Content/Meshes/SM_Blockout_Ramp.uexp" 430
"../../../Engine/Plugins/Marketplace/Blockouta97b42e05863V12/Content/Blueprints/Blockout_Ramp.uasset" 431
"../../../Engine/Plugins/Marketplace/Blockouta97b42e05863V12/Content/Blueprints/Blockout_Ramp.uexp" 432
"../../../Engine/Plugins/Marketplace/Blockouta97b42e05863V12/Content/Meshes/SM_Blockout_Railing_Open.ubulk" 433
"../../../Engine/Plugins/Marketplace/Blockouta97b42e05863V12/Content/Meshes/SM_Blockout_Railing_Open.uasset" 434
"../../../Engine/Plugins/Marketplace/Blockouta97b42e05863V12/Content/Meshes/SM_Blockout_Railing_Open.uexp" 435
"../../../Engine/Plugins/Marketplace/Blockouta97b42e05863V12/Content/Meshes/SM_Blockout_Railing_Pole.ubulk" 436
"../../../Engine/Plugins/Marketplace/Blockouta97b42e05863V12/Content/Meshes/SM_Blockout_Railing_Pole.uasset" 437
"../../../Engine/Plugins/Marketplace/Blockouta97b42e05863V12/Content/Meshes/SM_Blockout_Railing_Pole.uexp" 438
"../../../Engine/Plugins/Marketplace/Blockouta97b42e05863V12/Content/Blueprints/Utility/EBlockoutRailingType.uasset" 439
"../../../Engine/Plugins/Marketplace/Blockouta97b42e05863V12/Content/Blueprints/Utility/EBlockoutRailingType.uexp" 440
"../../../Engine/Plugins/Marketplace/Blockouta97b42e05863V12/Content/Meshes/SM_Blockout_Railing_Closed.ubulk" 441
"../../../Engine/Plugins/Marketplace/Blockouta97b42e05863V12/Content/Meshes/SM_Blockout_Railing_Closed.uasset" 442
"../../../Engine/Plugins/Marketplace/Blockouta97b42e05863V12/Content/Meshes/SM_Blockout_Railing_Closed.uexp" 443
"../../../Engine/Plugins/Marketplace/Blockouta97b42e05863V12/Content/Blueprints/Blockout_Railing.uasset" 444
"../../../Engine/Plugins/Marketplace/Blockouta97b42e05863V12/Content/Blueprints/Blockout_Railing.uexp" 445
"../../../Engine/Plugins/Marketplace/Blockouta97b42e05863V12/Content/Blueprints/Blockout_Doorway.uasset" 446
"../../../Engine/Plugins/Marketplace/Blockouta97b42e05863V12/Content/Blueprints/Blockout_Doorway.uexp" 447
"../../../Engine/Plugins/Marketplace/Blockouta97b42e05863V12/Content/Meshes/SM_Blockout_Cylinder_Q4.ubulk" 448
"../../../Engine/Plugins/Marketplace/Blockouta97b42e05863V12/Content/Meshes/SM_Blockout_Cylinder_Q4.uasset" 449
"../../../Engine/Plugins/Marketplace/Blockouta97b42e05863V12/Content/Meshes/SM_Blockout_Cylinder_Q4.uexp" 450
"../../../Engine/Plugins/Marketplace/Blockouta97b42e05863V12/Content/Meshes/SM_Blockout_Cylinder_Q1.ubulk" 451
"../../../Engine/Plugins/Marketplace/Blockouta97b42e05863V12/Content/Meshes/SM_Blockout_Cylinder_Q1.uasset" 452
"../../../Engine/Plugins/Marketplace/Blockouta97b42e05863V12/Content/Meshes/SM_Blockout_Cylinder_Q1.uexp" 453
"../../../Engine/Plugins/Marketplace/Blockouta97b42e05863V12/Content/Meshes/SM_Blockout_Cylinder_Q3.ubulk" 454
"../../../Engine/Plugins/Marketplace/Blockouta97b42e05863V12/Content/Meshes/SM_Blockout_Cylinder_Q3.uasset" 455
"../../../Engine/Plugins/Marketplace/Blockouta97b42e05863V12/Content/Meshes/SM_Blockout_Cylinder_Q3.uexp" 456
"../../../Engine/Plugins/Marketplace/Blockouta97b42e05863V12/Content/Meshes/SM_Blockout_Cylinder_Q2.ubulk" 457
"../../../Engine/Plugins/Marketplace/Blockouta97b42e05863V12/Content/Meshes/SM_Blockout_Cylinder_Q2.uasset" 458
"../../../Engine/Plugins/Marketplace/Blockouta97b42e05863V12/Content/Meshes/SM_Blockout_Cylinder_Q2.uexp" 459
"../../../Engine/Plugins/Marketplace/Blockouta97b42e05863V12/Content/Blueprints/Blockout_Cylinder.uasset" 460
"../../../Engine/Plugins/Marketplace/Blockouta97b42e05863V12/Content/Blueprints/Blockout_Cylinder.uexp" 461
"../../../Engine/Plugins/Marketplace/Blockouta97b42e05863V12/Content/Meshes/SM_Blockout_Corner_Ramp.ubulk" 462
"../../../Engine/Plugins/Marketplace/Blockouta97b42e05863V12/Content/Meshes/SM_Blockout_Corner_Ramp.uasset" 463
"../../../Engine/Plugins/Marketplace/Blockouta97b42e05863V12/Content/Meshes/SM_Blockout_Corner_Ramp.uexp" 464
"../../../Engine/Plugins/Marketplace/Blockouta97b42e05863V12/Content/Blueprints/Blockout_Corner_Ramp.uasset" 465
"../../../Engine/Plugins/Marketplace/Blockouta97b42e05863V12/Content/Blueprints/Blockout_Corner_Ramp.uexp" 466
"../../../Engine/Plugins/Marketplace/Blockouta97b42e05863V12/Content/Meshes/SM_Blockout_Curved_Corner_Inner_Q2.ubulk" 467
"../../../Engine/Plugins/Marketplace/Blockouta97b42e05863V12/Content/Meshes/SM_Blockout_Curved_Corner_Inner_Q2.uasset" 468
"../../../Engine/Plugins/Marketplace/Blockouta97b42e05863V12/Content/Meshes/SM_Blockout_Curved_Corner_Inner_Q2.uexp" 469
"../../../Engine/Plugins/Marketplace/Blockouta97b42e05863V12/Content/Meshes/SM_Blockout_Curved_Corner_Inner_Q1.ubulk" 470
"../../../Engine/Plugins/Marketplace/Blockouta97b42e05863V12/Content/Meshes/SM_Blockout_Curved_Corner_Inner_Q1.uasset" 471
"../../../Engine/Plugins/Marketplace/Blockouta97b42e05863V12/Content/Meshes/SM_Blockout_Curved_Corner_Inner_Q1.uexp" 472
"../../../Engine/Plugins/Marketplace/Blockouta97b42e05863V12/Content/Meshes/SM_Blockout_Curved_Corner_Outer_Q2.ubulk" 473
"../../../Engine/Plugins/Marketplace/Blockouta97b42e05863V12/Content/Meshes/SM_Blockout_Curved_Corner_Outer_Q2.uasset" 474
"../../../Engine/Plugins/Marketplace/Blockouta97b42e05863V12/Content/Meshes/SM_Blockout_Curved_Corner_Outer_Q2.uexp" 475
"../../../Engine/Plugins/Marketplace/Blockouta97b42e05863V12/Content/Meshes/SM_Blockout_Curved_Corner_Outer_Q1.ubulk" 476
"../../../Engine/Plugins/Marketplace/Blockouta97b42e05863V12/Content/Meshes/SM_Blockout_Curved_Corner_Outer_Q1.uasset" 477
"../../../Engine/Plugins/Marketplace/Blockouta97b42e05863V12/Content/Meshes/SM_Blockout_Curved_Corner_Outer_Q1.uexp" 478
"../../../Engine/Plugins/Marketplace/Blockouta97b42e05863V12/Content/Meshes/SM_Blockout_Curved_Corner_Inner_Q3.ubulk" 479
"../../../Engine/Plugins/Marketplace/Blockouta97b42e05863V12/Content/Meshes/SM_Blockout_Curved_Corner_Inner_Q3.uasset" 480
"../../../Engine/Plugins/Marketplace/Blockouta97b42e05863V12/Content/Meshes/SM_Blockout_Curved_Corner_Inner_Q3.uexp" 481
"../../../Engine/Plugins/Marketplace/Blockouta97b42e05863V12/Content/Meshes/SM_Blockout_Curved_Corner_Inner_Q4.ubulk" 482
"../../../Engine/Plugins/Marketplace/Blockouta97b42e05863V12/Content/Meshes/SM_Blockout_Curved_Corner_Inner_Q4.uasset" 483
"../../../Engine/Plugins/Marketplace/Blockouta97b42e05863V12/Content/Meshes/SM_Blockout_Curved_Corner_Inner_Q4.uexp" 484
"../../../Engine/Plugins/Marketplace/Blockouta97b42e05863V12/Content/Meshes/SM_Blockout_Curved_Corner_Outer_Q3.ubulk" 485
"../../../Engine/Plugins/Marketplace/Blockouta97b42e05863V12/Content/Meshes/SM_Blockout_Curved_Corner_Outer_Q3.uasset" 486
"../../../Engine/Plugins/Marketplace/Blockouta97b42e05863V12/Content/Meshes/SM_Blockout_Curved_Corner_Outer_Q3.uexp" 487
"../../../Engine/Plugins/Marketplace/Blockouta97b42e05863V12/Content/Meshes/SM_Blockout_Curved_Corner_Outer_Q4.ubulk" 488
"../../../Engine/Plugins/Marketplace/Blockouta97b42e05863V12/Content/Meshes/SM_Blockout_Curved_Corner_Outer_Q4.uasset" 489
"../../../Engine/Plugins/Marketplace/Blockouta97b42e05863V12/Content/Meshes/SM_Blockout_Curved_Corner_Outer_Q4.uexp" 490
"../../../Engine/Plugins/Marketplace/Blockouta97b42e05863V12/Content/Blueprints/Blockout_Corner_Curved.uasset" 491
"../../../Engine/Plugins/Marketplace/Blockouta97b42e05863V12/Content/Blueprints/Blockout_Corner_Curved.uexp" 492
"../../../Engine/Plugins/Marketplace/Blockouta97b42e05863V12/Content/Meshes/SM_Blockout_Cone_Q3.ubulk" 493
"../../../Engine/Plugins/Marketplace/Blockouta97b42e05863V12/Content/Meshes/SM_Blockout_Cone_Q3.uasset" 494
"../../../Engine/Plugins/Marketplace/Blockouta97b42e05863V12/Content/Meshes/SM_Blockout_Cone_Q3.uexp" 495
"../../../Engine/Plugins/Marketplace/Blockouta97b42e05863V12/Content/Meshes/SM_Blockout_Cone_Q4.ubulk" 496
"../../../Engine/Plugins/Marketplace/Blockouta97b42e05863V12/Content/Meshes/SM_Blockout_Cone_Q4.uasset" 497
"../../../Engine/Plugins/Marketplace/Blockouta97b42e05863V12/Content/Meshes/SM_Blockout_Cone_Q4.uexp" 498
"../../../Engine/Plugins/Marketplace/Blockouta97b42e05863V12/Content/Meshes/SM_Blockout_Cone_Q1.ubulk" 499
"../../../Engine/Plugins/Marketplace/Blockouta97b42e05863V12/Content/Meshes/SM_Blockout_Cone_Q1.uasset" 500
"../../../Engine/Plugins/Marketplace/Blockouta97b42e05863V12/Content/Meshes/SM_Blockout_Cone_Q1.uexp" 501
"../../../Engine/Plugins/Marketplace/Blockouta97b42e05863V12/Content/Meshes/SM_Blockout_Cone_Q2.ubulk" 502
"../../../Engine/Plugins/Marketplace/Blockouta97b42e05863V12/Content/Meshes/SM_Blockout_Cone_Q2.uasset" 503
"../../../Engine/Plugins/Marketplace/Blockouta97b42e05863V12/Content/Meshes/SM_Blockout_Cone_Q2.uexp" 504
"../../../Engine/Plugins/Marketplace/Blockouta97b42e05863V12/Content/Blueprints/Blockout_Cone.uasset" 505
"../../../Engine/Plugins/Marketplace/Blockouta97b42e05863V12/Content/Blueprints/Blockout_Cone.uexp" 506
"../../../Engine/Plugins/Marketplace/Blockouta97b42e05863V12/Content/Blueprints/Blockout_Box.uasset" 507
"../../../Engine/Plugins/Marketplace/Blockouta97b42e05863V12/Content/Blueprints/Blockout_Box.uexp" 508
"../../../Engine/Plugins/Interchange/Assets/Content/gltf/Textures/T_White_srgb.uasset" 509
"../../../Engine/Plugins/Interchange/Assets/Content/gltf/Textures/T_White_srgb.uexp" 510
"../../../Engine/Plugins/Interchange/Assets/Content/gltf/MaterialFunctions/MF_BaseColor.uasset" 511
"../../../Engine/Plugins/Interchange/Assets/Content/gltf/MaterialFunctions/MF_BaseColor.uexp" 512
"../../../Engine/Plugins/Interchange/Assets/Content/gltf/MaterialFunctions/MF_RotateV2.uasset" 513
"../../../Engine/Plugins/Interchange/Assets/Content/gltf/MaterialFunctions/MF_RotateV2.uexp" 514
"../../../Engine/Plugins/Interchange/Assets/Content/gltf/MaterialFunctions/MF_TransformUVs.uasset" 515
"../../../Engine/Plugins/Interchange/Assets/Content/gltf/MaterialFunctions/MF_TransformUVs.uexp" 516
"../../../Engine/Plugins/Interchange/Assets/Content/gltf/MaterialBodies/MF_Unlit_Body.uasset" 517
"../../../Engine/Plugins/Interchange/Assets/Content/gltf/MaterialBodies/MF_Unlit_Body.uexp" 518
"../../../Engine/Plugins/Interchange/Assets/Content/gltf/M_Unlit.uasset" 519
"../../../Engine/Plugins/Interchange/Assets/Content/gltf/M_Unlit.uexp" 520
"../../../Engine/Plugins/Interchange/Assets/Content/gltf/MaterialInstances/MI_Unlit_Opaque_DS.uasset" 521
"../../../Engine/Plugins/Interchange/Assets/Content/gltf/MaterialInstances/MI_Unlit_Opaque_DS.uexp" 522
"../../../Engine/Plugins/Interchange/Assets/Content/gltf/MaterialInstances/MI_Unlit_Opaque.uasset" 523
"../../../Engine/Plugins/Interchange/Assets/Content/gltf/MaterialInstances/MI_Unlit_Opaque.uexp" 524
"../../../Engine/Plugins/Interchange/Assets/Content/gltf/MaterialInstances/MI_Unlit_Mask_DS.uasset" 525
"../../../Engine/Plugins/Interchange/Assets/Content/gltf/MaterialInstances/MI_Unlit_Mask_DS.uexp" 526
"../../../Engine/Plugins/Interchange/Assets/Content/gltf/MaterialInstances/MI_Unlit_Mask.uasset" 527
"../../../Engine/Plugins/Interchange/Assets/Content/gltf/MaterialInstances/MI_Unlit_Mask.uexp" 528
"../../../Engine/Plugins/Interchange/Assets/Content/gltf/MaterialInstances/MI_Unlit_Blend_DS.uasset" 529
"../../../Engine/Plugins/Interchange/Assets/Content/gltf/MaterialInstances/MI_Unlit_Blend_DS.uexp" 530
"../../../Engine/Plugins/Interchange/Assets/Content/gltf/MaterialInstances/MI_Unlit_Blend.uasset" 531
"../../../Engine/Plugins/Interchange/Assets/Content/gltf/MaterialInstances/MI_Unlit_Blend.uexp" 532
"../../../Engine/Content/Functions/Engine_MaterialFunctions02/Utility/BreakOutFloat3Components.uasset" 533
"../../../Engine/Content/Functions/Engine_MaterialFunctions02/Utility/BreakOutFloat3Components.uexp" 534
"../../../Engine/Content/Functions/Engine_MaterialFunctions02/Math/Transform3x3Matrix.uasset" 535
"../../../Engine/Content/Functions/Engine_MaterialFunctions02/Math/Transform3x3Matrix.uexp" 536
"../../../Engine/Content/Functions/Engine_MaterialFunctions02/Utility/CameraDirectionVector.uasset" 537
"../../../Engine/Content/Functions/Engine_MaterialFunctions02/Utility/CameraDirectionVector.uexp" 538
"../../../Engine/Plugins/Interchange/Assets/Content/Utilities/New_LUT.uasset" 539
"../../../Engine/Plugins/Interchange/Assets/Content/Utilities/New_LUT.uexp" 540
"../../../Engine/Content/EngineMaterials/Good64x64TilingNoiseHighFreq.uasset" 541
"../../../Engine/Content/EngineMaterials/Good64x64TilingNoiseHighFreq.uexp" 542
"../../../Engine/Content/Functions/Engine_MaterialFunctions02/Texturing/ScreenAlignedPixelToPixelUVs.uasset" 543
"../../../Engine/Content/Functions/Engine_MaterialFunctions02/Texturing/ScreenAlignedPixelToPixelUVs.uexp" 544
"../../../Engine/Plugins/Interchange/Assets/Content/gltf/MaterialFunctions/MF_Temporal_Blur.uasset" 545
"../../../Engine/Plugins/Interchange/Assets/Content/gltf/MaterialFunctions/MF_Temporal_Blur.uexp" 546
"../../../Engine/Plugins/Interchange/Assets/Content/gltf/MaterialFunctions/MF_Specular.uasset" 547
"../../../Engine/Plugins/Interchange/Assets/Content/gltf/MaterialFunctions/MF_Specular.uexp" 548
"../../../Engine/Plugins/Interchange/Assets/Content/gltf/Textures/T_Anisotropy_Direction_Linear.uasset" 549
"../../../Engine/Plugins/Interchange/Assets/Content/gltf/Textures/T_Anisotropy_Direction_Linear.uexp" 550
"../../../Engine/Plugins/Interchange/Assets/Content/gltf/MaterialFunctions/MF_SpecularAnisotropy.uasset" 551
"../../../Engine/Plugins/Interchange/Assets/Content/gltf/MaterialFunctions/MF_SpecularAnisotropy.uexp" 552
"../../../Engine/Plugins/Interchange/Assets/Content/gltf/Textures/T_White_Linear.uasset" 553
"../../../Engine/Plugins/Interchange/Assets/Content/gltf/Textures/T_White_Linear.uexp" 554
"../../../Engine/Plugins/Interchange/Assets/Content/gltf/MaterialFunctions/MF_MetallicRoughness.uasset" 555
"../../../Engine/Plugins/Interchange/Assets/Content/gltf/MaterialFunctions/MF_MetallicRoughness.uexp" 556
"../../../Engine/Plugins/Interchange/Assets/Content/gltf/Textures/T_Generic_N.uasset" 557
"../../../Engine/Plugins/Interchange/Assets/Content/gltf/Textures/T_Generic_N.uexp" 558
"../../../Engine/Plugins/Interchange/Assets/Content/gltf/MaterialFunctions/MF_ScaleNormal.uasset" 559
"../../../Engine/Plugins/Interchange/Assets/Content/gltf/MaterialFunctions/MF_ScaleNormal.uexp" 560
"../../../Engine/Plugins/Interchange/Assets/Content/gltf/MaterialFunctions/MF_Fresnel_DS.uasset" 561
"../../../Engine/Plugins/Interchange/Assets/Content/gltf/MaterialFunctions/MF_Fresnel_DS.uexp" 562
"../../../Engine/Content/Functions/Engine_MaterialFunctions03/Math/RemapValueRange.uasset" 563
"../../../Engine/Content/Functions/Engine_MaterialFunctions03/Math/RemapValueRange.uexp" 564
"../../../Engine/Plugins/Interchange/Assets/Content/Functions/MF_Iridescence.uasset" 565
"../../../Engine/Plugins/Interchange/Assets/Content/Functions/MF_Iridescence.uexp" 566
"../../../Engine/Plugins/Interchange/Assets/Content/gltf/MaterialFunctions/MF_Iridescence.uasset" 567
"../../../Engine/Plugins/Interchange/Assets/Content/gltf/MaterialFunctions/MF_Iridescence.uexp" 568
"../../../Engine/Plugins/Interchange/Assets/Content/gltf/MaterialFunctions/MF_Occlusion.uasset" 569
"../../../Engine/Plugins/Interchange/Assets/Content/gltf/MaterialFunctions/MF_Occlusion.uexp" 570
"../../../Engine/Plugins/Interchange/Assets/Content/gltf/MaterialFunctions/MF_IOR.uasset" 571
"../../../Engine/Plugins/Interchange/Assets/Content/gltf/MaterialFunctions/MF_IOR.uexp" 572
"../../../Engine/Plugins/Interchange/Assets/Content/gltf/MaterialFunctions/MF_Transmission.uasset" 573
"../../../Engine/Plugins/Interchange/Assets/Content/gltf/MaterialFunctions/MF_Transmission.uexp" 574
"../../../Engine/Plugins/Interchange/Assets/Content/gltf/MaterialFunctions/MF_RotateNormals_TS.uasset" 575
"../../../Engine/Plugins/Interchange/Assets/Content/gltf/MaterialFunctions/MF_RotateNormals_TS.uexp" 576
"../../../Engine/Plugins/Interchange/Assets/Content/gltf/MaterialFunctions/MF_Normals.uasset" 577
"../../../Engine/Plugins/Interchange/Assets/Content/gltf/MaterialFunctions/MF_Normals.uexp" 578
"../../../Engine/Plugins/Interchange/Assets/Content/gltf/MaterialBodies/MF_Transmission_Body.uasset" 579
"../../../Engine/Plugins/Interchange/Assets/Content/gltf/MaterialBodies/MF_Transmission_Body.uexp" 580
"../../../Engine/Plugins/Interchange/Assets/Content/gltf/M_Transmission.uasset" 581
"../../../Engine/Plugins/Interchange/Assets/Content/gltf/M_Transmission.uexp" 582
"../../../Engine/Plugins/Interchange/Assets/Content/gltf/MaterialInstances/MI_Transmission_DS.uasset" 583
"../../../Engine/Plugins/Interchange/Assets/Content/gltf/MaterialInstances/MI_Transmission_DS.uexp" 584
"../../../Engine/Plugins/Interchange/Assets/Content/gltf/MaterialInstances/MI_Transmission.uasset" 585
"../../../Engine/Plugins/Interchange/Assets/Content/gltf/MaterialInstances/MI_Transmission.uexp" 586
"../../../Engine/Content/Functions/Engine_MaterialFunctions02/Math/AddComponents.uasset" 587
"../../../Engine/Content/Functions/Engine_MaterialFunctions02/Math/AddComponents.uexp" 588
"../../../Engine/Plugins/Interchange/Assets/Content/gltf/MaterialFunctions/MF_DiffuseSpecGloss.uasset" 589
"../../../Engine/Plugins/Interchange/Assets/Content/gltf/MaterialFunctions/MF_DiffuseSpecGloss.uexp" 590
"../../../Engine/Plugins/Interchange/Assets/Content/gltf/MaterialFunctions/MF_Emissive.uasset" 591
"../../../Engine/Plugins/Interchange/Assets/Content/gltf/MaterialFunctions/MF_Emissive.uexp" 592
"../../../Engine/Plugins/Interchange/Assets/Content/gltf/MaterialFunctions/MF_PerceivedBrightness.uasset" 593
"../../../Engine/Plugins/Interchange/Assets/Content/gltf/MaterialFunctions/MF_PerceivedBrightness.uexp" 594
"../../../Engine/Plugins/Interchange/Assets/Content/gltf/MaterialFunctions/MF_SpecGlossToMetalRoughness.uasset" 595
"../../../Engine/Plugins/Interchange/Assets/Content/gltf/MaterialFunctions/MF_SpecGlossToMetalRoughness.uexp" 596
"../../../Engine/Plugins/Interchange/Assets/Content/gltf/MaterialFunctions/MF_MaxComponentValue.uasset" 597
"../../../Engine/Plugins/Interchange/Assets/Content/gltf/MaterialFunctions/MF_MaxComponentValue.uexp" 598
"../../../Engine/Plugins/Interchange/Assets/Content/gltf/MaterialBodies/MF_SpecularGlossiness_Body.uasset" 599
"../../../Engine/Plugins/Interchange/Assets/Content/gltf/MaterialBodies/MF_SpecularGlossiness_Body.uexp" 600
"../../../Engine/Plugins/Interchange/Assets/Content/gltf/M_SpecularGlossiness.uasset" 601
"../../../Engine/Plugins/Interchange/Assets/Content/gltf/M_SpecularGlossiness.uexp" 602
"../../../Engine/Plugins/Interchange/Assets/Content/gltf/MaterialInstances/MI_SpecularGlossiness_Opaque_DS.uasset" 603
"../../../Engine/Plugins/Interchange/Assets/Content/gltf/MaterialInstances/MI_SpecularGlossiness_Opaque_DS.uexp" 604
"../../../Engine/Plugins/Interchange/Assets/Content/gltf/MaterialInstances/MI_SpecularGlossiness_Opaque.uasset" 605
"../../../Engine/Plugins/Interchange/Assets/Content/gltf/MaterialInstances/MI_SpecularGlossiness_Opaque.uexp" 606
"../../../Engine/Plugins/Interchange/Assets/Content/gltf/MaterialInstances/MI_SpecularGlossiness_Mask_DS.uasset" 607
"../../../Engine/Plugins/Interchange/Assets/Content/gltf/MaterialInstances/MI_SpecularGlossiness_Mask_DS.uexp" 608
"../../../Engine/Plugins/Interchange/Assets/Content/gltf/MaterialInstances/MI_SpecularGlossiness_Mask.uasset" 609
"../../../Engine/Plugins/Interchange/Assets/Content/gltf/MaterialInstances/MI_SpecularGlossiness_Mask.uexp" 610
"../../../Engine/Plugins/Interchange/Assets/Content/gltf/MaterialInstances/MI_SpecularGlossiness_Blend_DS.uasset" 611
"../../../Engine/Plugins/Interchange/Assets/Content/gltf/MaterialInstances/MI_SpecularGlossiness_Blend_DS.uexp" 612
"../../../Engine/Plugins/Interchange/Assets/Content/gltf/MaterialInstances/MI_SpecularGlossiness_Blend.uasset" 613
"../../../Engine/Plugins/Interchange/Assets/Content/gltf/MaterialInstances/MI_SpecularGlossiness_Blend.uexp" 614
"../../../Engine/Plugins/Interchange/Assets/Content/gltf/MaterialFunctions/MF_Sheen.uasset" 615
"../../../Engine/Plugins/Interchange/Assets/Content/gltf/MaterialFunctions/MF_Sheen.uexp" 616
"../../../Engine/Plugins/Interchange/Assets/Content/gltf/MaterialBodies/MF_Sheen_Body.uasset" 617
"../../../Engine/Plugins/Interchange/Assets/Content/gltf/MaterialBodies/MF_Sheen_Body.uexp" 618
"../../../Engine/Plugins/Interchange/Assets/Content/gltf/M_Sheen.uasset" 619
"../../../Engine/Plugins/Interchange/Assets/Content/gltf/M_Sheen.uexp" 620
"../../../Engine/Plugins/Interchange/Assets/Content/gltf/MaterialInstances/MI_Sheen_Opaque_DS.uasset" 621
"../../../Engine/Plugins/Interchange/Assets/Content/gltf/MaterialInstances/MI_Sheen_Opaque_DS.uexp" 622
"../../../Engine/Plugins/Interchange/Assets/Content/gltf/MaterialInstances/MI_Sheen_Opaque.uasset" 623
"../../../Engine/Plugins/Interchange/Assets/Content/gltf/MaterialInstances/MI_Sheen_Opaque.uexp" 624
"../../../Engine/Plugins/Interchange/Assets/Content/gltf/MaterialInstances/MI_Sheen_Mask_DS.uasset" 625
"../../../Engine/Plugins/Interchange/Assets/Content/gltf/MaterialInstances/MI_Sheen_Mask_DS.uexp" 626
"../../../Engine/Plugins/Interchange/Assets/Content/gltf/MaterialInstances/MI_Sheen_Mask.uasset" 627
"../../../Engine/Plugins/Interchange/Assets/Content/gltf/MaterialInstances/MI_Sheen_Mask.uexp" 628
"../../../Engine/Plugins/Interchange/Assets/Content/gltf/MaterialInstances/MI_Sheen_Blend_DS.uasset" 629
"../../../Engine/Plugins/Interchange/Assets/Content/gltf/MaterialInstances/MI_Sheen_Blend_DS.uexp" 630
"../../../Engine/Plugins/Interchange/Assets/Content/gltf/MaterialInstances/MI_Sheen_Blend.uasset" 631
"../../../Engine/Plugins/Interchange/Assets/Content/gltf/MaterialInstances/MI_Sheen_Blend.uexp" 632
"../../../Engine/Plugins/Interchange/Assets/Content/gltf/MaterialBodies/MF_Default_Body.uasset" 633
"../../../Engine/Plugins/Interchange/Assets/Content/gltf/MaterialBodies/MF_Default_Body.uexp" 634
"../../../Engine/Plugins/Interchange/Assets/Content/gltf/M_Default.uasset" 635
"../../../Engine/Plugins/Interchange/Assets/Content/gltf/M_Default.uexp" 636
"../../../Engine/Plugins/Interchange/Assets/Content/gltf/MaterialInstances/MI_Default_Opaque_DS.uasset" 637
"../../../Engine/Plugins/Interchange/Assets/Content/gltf/MaterialInstances/MI_Default_Opaque_DS.uexp" 638
"../../../Engine/Plugins/Interchange/Assets/Content/gltf/MaterialInstances/MI_Default_Opaque.uasset" 639
"../../../Engine/Plugins/Interchange/Assets/Content/gltf/MaterialInstances/MI_Default_Opaque.uexp" 640
"../../../Engine/Plugins/Interchange/Assets/Content/gltf/MaterialInstances/MI_Default_Mask_DS.uasset" 641
"../../../Engine/Plugins/Interchange/Assets/Content/gltf/MaterialInstances/MI_Default_Mask_DS.uexp" 642
"../../../Engine/Plugins/Interchange/Assets/Content/gltf/MaterialInstances/MI_Default_Mask.uasset" 643
"../../../Engine/Plugins/Interchange/Assets/Content/gltf/MaterialInstances/MI_Default_Mask.uexp" 644
"../../../Engine/Plugins/Interchange/Assets/Content/gltf/MaterialInstances/MI_Default_Blend_DS.uasset" 645
"../../../Engine/Plugins/Interchange/Assets/Content/gltf/MaterialInstances/MI_Default_Blend_DS.uexp" 646
"../../../Engine/Plugins/Interchange/Assets/Content/gltf/MaterialInstances/MI_Default_Blend.uasset" 647
"../../../Engine/Plugins/Interchange/Assets/Content/gltf/MaterialInstances/MI_Default_Blend.uexp" 648
"../../../Engine/Content/Functions/Engine_MaterialFunctions01/Texturing/FlattenNormal.uasset" 649
"../../../Engine/Content/Functions/Engine_MaterialFunctions01/Texturing/FlattenNormal.uexp" 650
"../../../Engine/Plugins/Interchange/Assets/Content/gltf/MaterialFunctions/MF_Clearcoat.uasset" 651
"../../../Engine/Plugins/Interchange/Assets/Content/gltf/MaterialFunctions/MF_Clearcoat.uexp" 652
"../../../Engine/Plugins/Interchange/Assets/Content/gltf/MaterialBodies/MF_ClearCoat_Body.uasset" 653
"../../../Engine/Plugins/Interchange/Assets/Content/gltf/MaterialBodies/MF_ClearCoat_Body.uexp" 654
"../../../Engine/Plugins/Interchange/Assets/Content/gltf/M_ClearCoat.uasset" 655
"../../../Engine/Plugins/Interchange/Assets/Content/gltf/M_ClearCoat.uexp" 656
"../../../Engine/Plugins/Interchange/Assets/Content/gltf/MaterialInstances/MI_ClearCoat_Opaque_DS.uasset" 657
"../../../Engine/Plugins/Interchange/Assets/Content/gltf/MaterialInstances/MI_ClearCoat_Opaque_DS.uexp" 658
"../../../Engine/Plugins/Interchange/Assets/Content/gltf/MaterialInstances/MI_ClearCoat_Opaque.uasset" 659
"../../../Engine/Plugins/Interchange/Assets/Content/gltf/MaterialInstances/MI_ClearCoat_Opaque.uexp" 660
"../../../Engine/Plugins/Interchange/Assets/Content/gltf/MaterialInstances/MI_ClearCoat_Mask_DS.uasset" 661
"../../../Engine/Plugins/Interchange/Assets/Content/gltf/MaterialInstances/MI_ClearCoat_Mask_DS.uexp" 662
"../../../Engine/Plugins/Interchange/Assets/Content/gltf/MaterialInstances/MI_ClearCoat_Mask.uasset" 663
"../../../Engine/Plugins/Interchange/Assets/Content/gltf/MaterialInstances/MI_ClearCoat_Mask.uexp" 664
"../../../Engine/Plugins/Interchange/Assets/Content/gltf/MaterialInstances/MI_ClearCoat_Blend_DS.uasset" 665
"../../../Engine/Plugins/Interchange/Assets/Content/gltf/MaterialInstances/MI_ClearCoat_Blend_DS.uexp" 666
"../../../Engine/Plugins/Interchange/Assets/Content/gltf/MaterialInstances/MI_ClearCoat_Blend.uasset" 667
"../../../Engine/Plugins/Interchange/Assets/Content/gltf/MaterialInstances/MI_ClearCoat_Blend.uexp" 668
"../../../Engine/Plugins/Interchange/Assets/Content/Functions/MX_UsdPreviewSurface.uasset" 669
"../../../Engine/Plugins/Interchange/Assets/Content/Functions/MX_UsdPreviewSurface.uexp" 670
"../../../Engine/Plugins/Interchange/Assets/Content/Functions/MX_UniformEDF.uasset" 671
"../../../Engine/Plugins/Interchange/Assets/Content/Functions/MX_UniformEDF.uexp" 672
"../../../Engine/Plugins/Interchange/Assets/Content/Functions/MX_TranslucentBSDF.uasset" 673
"../../../Engine/Plugins/Interchange/Assets/Content/Functions/MX_TranslucentBSDF.uexp" 674
"../../../Engine/Plugins/Interchange/Assets/Content/Functions/MX_ThinFilmBSDF.uasset" 675
"../../../Engine/Plugins/Interchange/Assets/Content/Functions/MX_ThinFilmBSDF.uexp" 676
"../../../Engine/Plugins/Interchange/Assets/Content/Functions/MX_SurfaceUnlit.uasset" 677
"../../../Engine/Plugins/Interchange/Assets/Content/Functions/MX_SurfaceUnlit.uexp" 678
"../../../Engine/Plugins/Interchange/Assets/Content/Functions/MX_Surface.uasset" 679
"../../../Engine/Plugins/Interchange/Assets/Content/Functions/MX_Surface.uexp" 680
"../../../Engine/Plugins/Interchange/Assets/Content/Functions/MX_SubsurfaceBSDF.uasset" 681
"../../../Engine/Plugins/Interchange/Assets/Content/Functions/MX_SubsurfaceBSDF.uexp" 682
"../../../Engine/Plugins/Interchange/Assets/Content/Functions/MX_SheenBSDF.uasset" 683
"../../../Engine/Plugins/Interchange/Assets/Content/Functions/MX_SheenBSDF.uexp" 684
"../../../Engine/Plugins/Interchange/Assets/Content/Functions/MX_OrenNayarBSDF.uasset" 685
"../../../Engine/Plugins/Interchange/Assets/Content/Functions/MX_OrenNayarBSDF.uexp" 686
"../../../Engine/Plugins/Interchange/Assets/Content/Functions/MX_StandardSurface.uasset" 687
"../../../Engine/Plugins/Interchange/Assets/Content/Functions/MX_StandardSurface.uexp" 688
"../../../Engine/Plugins/Interchange/Assets/Content/Functions/MX_TransmissionSurface.uasset" 689
"../../../Engine/Plugins/Interchange/Assets/Content/Functions/MX_TransmissionSurface.uexp" 690
"../../../Engine/Plugins/Interchange/Assets/Content/Functions/MX_OpenPBR_Translucent.uasset" 691
"../../../Engine/Plugins/Interchange/Assets/Content/Functions/MX_OpenPBR_Translucent.uexp" 692
"../../../Engine/Plugins/Interchange/Assets/Content/Functions/MX_OpenPBR_Opaque.uasset" 693
"../../../Engine/Plugins/Interchange/Assets/Content/Functions/MX_OpenPBR_Opaque.uexp" 694
"../../../Engine/Plugins/Interchange/Assets/Content/Functions/MX_MeasuredEDF.uasset" 695
"../../../Engine/Plugins/Interchange/Assets/Content/Functions/MX_MeasuredEDF.uexp" 696
"../../../Engine/Plugins/Interchange/Assets/Content/Functions/MX_GeneralizedSchlickBSDF.uasset" 697
"../../../Engine/Plugins/Interchange/Assets/Content/Functions/MX_GeneralizedSchlickBSDF.uexp" 698
"../../../Engine/Plugins/Interchange/Assets/Content/Functions/MX_DielectricBSDF.uasset" 699
"../../../Engine/Plugins/Interchange/Assets/Content/Functions/MX_DielectricBSDF.uexp" 700
"../../../Engine/Plugins/Interchange/Assets/Content/Functions/MX_ConicalEDF.uasset" 701
"../../../Engine/Plugins/Interchange/Assets/Content/Functions/MX_ConicalEDF.uexp" 702
"../../../Engine/Plugins/Interchange/Assets/Content/Functions/MX_ConductorBSDF.uasset" 703
"../../../Engine/Plugins/Interchange/Assets/Content/Functions/MX_ConductorBSDF.uexp" 704
"../../../Engine/Plugins/Interchange/Assets/Content/Functions/MX_BurleyDiffuseBSDF.uasset" 705
"../../../Engine/Plugins/Interchange/Assets/Content/Functions/MX_BurleyDiffuseBSDF.uexp" 706
"../../../Engine/Plugins/Interchange/Assets/Content/Functions/MX_AnisotropicVDF.uasset" 707
"../../../Engine/Plugins/Interchange/Assets/Content/Functions/MX_AnisotropicVDF.uexp" 708
"../../../Engine/Plugins/Interchange/Assets/Content/Functions/MX_AbsorptionVDF.uasset" 709
"../../../Engine/Plugins/Interchange/Assets/Content/Functions/MX_AbsorptionVDF.uexp" 710
"../../../Engine/Plugins/Editor/SpeedTreeImporter/Content/SpeedTree9/game_wind_noise.ubulk" 711
"../../../Engine/Plugins/Editor/SpeedTreeImporter/Content/SpeedTree9/game_wind_noise.uasset" 712
"../../../Engine/Plugins/Editor/SpeedTreeImporter/Content/SpeedTree9/game_wind_noise.uexp" 713
"../../../Engine/Plugins/Editor/SpeedTreeImporter/Content/SpeedTree9/UnpackDirection.uasset" 714
"../../../Engine/Plugins/Editor/SpeedTreeImporter/Content/SpeedTree9/UnpackDirection.uexp" 715
"../../../Engine/Content/Functions/Engine_MaterialFunctions02/ObjectLocalBounds.uasset" 716
"../../../Engine/Content/Functions/Engine_MaterialFunctions02/ObjectLocalBounds.uexp" 717
"../../../Engine/Content/Functions/Engine_MaterialFunctions02/UVs/BoundingBoxBased_0-1_UVW.uasset" 718
"../../../Engine/Content/Functions/Engine_MaterialFunctions02/UVs/BoundingBoxBased_0-1_UVW.uexp" 719
"../../../Engine/Plugins/Editor/SpeedTreeImporter/Content/SpeedTree9/UnpackInteger3.uasset" 720
"../../../Engine/Plugins/Editor/SpeedTreeImporter/Content/SpeedTree9/UnpackInteger3.uexp" 721
"../../../Engine/Plugins/Editor/SpeedTreeImporter/Content/SpeedTree9/SpeedTreeCameraFacing.uasset" 722
"../../../Engine/Plugins/Editor/SpeedTreeImporter/Content/SpeedTree9/SpeedTreeCameraFacing.uexp" 723
"../../../Engine/Content/Functions/Engine_MaterialFunctions02/SafeNormalize.uasset" 724
"../../../Engine/Content/Functions/Engine_MaterialFunctions02/SafeNormalize.uexp" 725
"../../../Engine/Plugins/Editor/SpeedTreeImporter/Content/SpeedTree9/SpeedTreeWindMotion.uasset" 726
"../../../Engine/Plugins/Editor/SpeedTreeImporter/Content/SpeedTree9/SpeedTreeWindMotion.uexp" 727
"../../../Engine/Plugins/Editor/SpeedTreeImporter/Content/SpeedTree9/SpeedTreeBranchMotion.uasset" 728
"../../../Engine/Plugins/Editor/SpeedTreeImporter/Content/SpeedTree9/SpeedTreeBranchMotion.uexp" 729
"../../../Engine/Plugins/Editor/SpeedTreeImporter/Content/SpeedTree9/SpeedTreeWind.uasset" 730
"../../../Engine/Plugins/Editor/SpeedTreeImporter/Content/SpeedTree9/SpeedTreeWind.uexp" 731
"../../../Engine/Plugins/Editor/SpeedTreeImporter/Content/SpeedTree9/EmptyNormal.uasset" 732
"../../../Engine/Plugins/Editor/SpeedTreeImporter/Content/SpeedTree9/EmptyNormal.uexp" 733
"../../../Engine/Plugins/Editor/SpeedTreeImporter/Content/SpeedTree9/Empty.uasset" 734
"../../../Engine/Plugins/Editor/SpeedTreeImporter/Content/SpeedTree9/Empty.uexp" 735
"../../../Engine/Plugins/Editor/SpeedTreeImporter/Content/SpeedTree9/SpeedTreeMaster.uasset" 736
"../../../Engine/Plugins/Editor/SpeedTreeImporter/Content/SpeedTree9/SpeedTreeMaster.uexp" 737
"../../../Engine/Plugins/Editor/SpeedTreeImporter/Content/SpeedTree9/SpeedTreeBillboard.uasset" 738
"../../../Engine/Plugins/Editor/SpeedTreeImporter/Content/SpeedTree9/SpeedTreeBillboard.uexp" 739
"../../../Engine/Plugins/Editor/SpeedTreeImporter/Content/SpeedTree9/SpeedTreeBillboardMaster.uasset" 740
"../../../Engine/Plugins/Editor/SpeedTreeImporter/Content/SpeedTree9/SpeedTreeBillboardMaster.uexp" 741
"../../../Engine/Content/Functions/Engine_MaterialFunctions02/WorldPositionOffset/CameraOffset.uasset" 742
"../../../Engine/Content/Functions/Engine_MaterialFunctions02/WorldPositionOffset/CameraOffset.uexp" 743
"../../../Engine/Plugins/Animation/ControlRig/Content/M_Manip.uasset" 744
"../../../Engine/Plugins/Animation/ControlRig/Content/M_Manip.uexp" 745
"../../../Engine/Plugins/Animation/ControlRig/Content/Controls/ControlRig_Wedge_solid.ubulk" 746
"../../../Engine/Plugins/Animation/ControlRig/Content/Controls/ControlRig_Wedge_solid.uasset" 747
"../../../Engine/Plugins/Animation/ControlRig/Content/Controls/ControlRig_Wedge_solid.uexp" 748
"../../../Engine/Plugins/Animation/ControlRig/Content/Controls/ControlRig_Wedge_3mm.ubulk" 749
"../../../Engine/Plugins/Animation/ControlRig/Content/Controls/ControlRig_Wedge_3mm.uasset" 750
"../../../Engine/Plugins/Animation/ControlRig/Content/Controls/ControlRig_Wedge_3mm.uexp" 751
"../../../Engine/Plugins/Animation/ControlRig/Content/Controls/ControlRig_Wedge_1mm.ubulk" 752
"../../../Engine/Plugins/Animation/ControlRig/Content/Controls/ControlRig_Wedge_1mm.uasset" 753
"../../../Engine/Plugins/Animation/ControlRig/Content/Controls/ControlRig_Wedge_1mm.uexp" 754
"../../../Engine/Plugins/Animation/ControlRig/Content/Controls/ControlRig_Triangle_solid.ubulk" 755
"../../../Engine/Plugins/Animation/ControlRig/Content/Controls/ControlRig_Triangle_solid.uasset" 756
"../../../Engine/Plugins/Animation/ControlRig/Content/Controls/ControlRig_Triangle_solid.uexp" 757
"../../../Engine/Plugins/Animation/ControlRig/Content/Controls/ControlRig_Triangle_3mm.ubulk" 758
"../../../Engine/Plugins/Animation/ControlRig/Content/Controls/ControlRig_Triangle_3mm.uasset" 759
"../../../Engine/Plugins/Animation/ControlRig/Content/Controls/ControlRig_Triangle_3mm.uexp" 760
"../../../Engine/Plugins/Animation/ControlRig/Content/Controls/ControlRig_Triangle_1mm.ubulk" 761
"../../../Engine/Plugins/Animation/ControlRig/Content/Controls/ControlRig_Triangle_1mm.uasset" 762
"../../../Engine/Plugins/Animation/ControlRig/Content/Controls/ControlRig_Triangle_1mm.uexp" 763
"../../../Engine/Plugins/Animation/ControlRig/Content/Controls/ControlRig_Star4_solid.ubulk" 764
"../../../Engine/Plugins/Animation/ControlRig/Content/Controls/ControlRig_Star4_solid.uasset" 765
"../../../Engine/Plugins/Animation/ControlRig/Content/Controls/ControlRig_Star4_solid.uexp" 766
"../../../Engine/Plugins/Animation/ControlRig/Content/Controls/ControlRig_Star4_3mm.ubulk" 767
"../../../Engine/Plugins/Animation/ControlRig/Content/Controls/ControlRig_Star4_3mm.uasset" 768
"../../../Engine/Plugins/Animation/ControlRig/Content/Controls/ControlRig_Star4_3mm.uexp" 769
"../../../Engine/Plugins/Animation/ControlRig/Content/Controls/ControlRig_Star4_1mm.ubulk" 770
"../../../Engine/Plugins/Animation/ControlRig/Content/Controls/ControlRig_Star4_1mm.uasset" 771
"../../../Engine/Plugins/Animation/ControlRig/Content/Controls/ControlRig_Star4_1mm.uexp" 772
"../../../Engine/Plugins/Animation/ControlRig/Content/Controls/ControlRig_Square_solid.ubulk" 773
"../../../Engine/Plugins/Animation/ControlRig/Content/Controls/ControlRig_Square_solid.uasset" 774
"../../../Engine/Plugins/Animation/ControlRig/Content/Controls/ControlRig_Square_solid.uexp" 775
"../../../Engine/Plugins/Animation/ControlRig/Content/Controls/ControlRig_Square_3mm.ubulk" 776
"../../../Engine/Plugins/Animation/ControlRig/Content/Controls/ControlRig_Square_3mm.uasset" 777
"../../../Engine/Plugins/Animation/ControlRig/Content/Controls/ControlRig_Square_3mm.uexp" 778
"../../../Engine/Plugins/Animation/ControlRig/Content/Controls/ControlRig_Square_1mm.ubulk" 779
"../../../Engine/Plugins/Animation/ControlRig/Content/Controls/ControlRig_Square_1mm.uasset" 780
"../../../Engine/Plugins/Animation/ControlRig/Content/Controls/ControlRig_Square_1mm.uexp" 781
"../../../Engine/Plugins/Animation/ControlRig/Content/Controls/ControlRig_Sphere_solid.ubulk" 782
"../../../Engine/Plugins/Animation/ControlRig/Content/Controls/ControlRig_Sphere_solid.uasset" 783
"../../../Engine/Plugins/Animation/ControlRig/Content/Controls/ControlRig_Sphere_solid.uexp" 784
"../../../Engine/Plugins/Animation/ControlRig/Content/Controls/ControlRig_Sphere_3mm.ubulk" 785
"../../../Engine/Plugins/Animation/ControlRig/Content/Controls/ControlRig_Sphere_3mm.uasset" 786
"../../../Engine/Plugins/Animation/ControlRig/Content/Controls/ControlRig_Sphere_3mm.uexp" 787
"../../../Engine/Plugins/Animation/ControlRig/Content/Controls/ControlRig_Sphere_1mm.ubulk" 788
"../../../Engine/Plugins/Animation/ControlRig/Content/Controls/ControlRig_Sphere_1mm.uasset" 789
"../../../Engine/Plugins/Animation/ControlRig/Content/Controls/ControlRig_Sphere_1mm.uexp" 790
"../../../Engine/Plugins/Animation/ControlRig/Content/Controls/ControlRig_RoundedTriangle_solid.ubulk" 791
"../../../Engine/Plugins/Animation/ControlRig/Content/Controls/ControlRig_RoundedTriangle_solid.uasset" 792
"../../../Engine/Plugins/Animation/ControlRig/Content/Controls/ControlRig_RoundedTriangle_solid.uexp" 793
"../../../Engine/Plugins/Animation/ControlRig/Content/Controls/ControlRig_RoundedTriangle_3mm.ubulk" 794
"../../../Engine/Plugins/Animation/ControlRig/Content/Controls/ControlRig_RoundedTriangle_3mm.uasset" 795
"../../../Engine/Plugins/Animation/ControlRig/Content/Controls/ControlRig_RoundedTriangle_3mm.uexp" 796
"../../../Engine/Plugins/Animation/ControlRig/Content/Controls/ControlRig_RoundedTriangle_1mm.ubulk" 797
"../../../Engine/Plugins/Animation/ControlRig/Content/Controls/ControlRig_RoundedTriangle_1mm.uasset" 798
"../../../Engine/Plugins/Animation/ControlRig/Content/Controls/ControlRig_RoundedTriangle_1mm.uexp" 799
"../../../Engine/Plugins/Animation/ControlRig/Content/Controls/ControlRig_RoundedSquare_solid.ubulk" 800
"../../../Engine/Plugins/Animation/ControlRig/Content/Controls/ControlRig_RoundedSquare_solid.uasset" 801
"../../../Engine/Plugins/Animation/ControlRig/Content/Controls/ControlRig_RoundedSquare_solid.uexp" 802
"../../../Engine/Plugins/Animation/ControlRig/Content/Controls/ControlRig_RoundedSquare_3mm.ubulk" 803
"../../../Engine/Plugins/Animation/ControlRig/Content/Controls/ControlRig_RoundedSquare_3mm.uasset" 804
"../../../Engine/Plugins/Animation/ControlRig/Content/Controls/ControlRig_RoundedSquare_3mm.uexp" 805
"../../../Engine/Plugins/Animation/ControlRig/Content/Controls/ControlRig_RoundedSquare_1mm.ubulk" 806
"../../../Engine/Plugins/Animation/ControlRig/Content/Controls/ControlRig_RoundedSquare_1mm.uasset" 807
"../../../Engine/Plugins/Animation/ControlRig/Content/Controls/ControlRig_RoundedSquare_1mm.uexp" 808
"../../../Engine/Plugins/Animation/ControlRig/Content/Controls/ControlRig_QuarterCircle_solid.ubulk" 809
"../../../Engine/Plugins/Animation/ControlRig/Content/Controls/ControlRig_QuarterCircle_solid.uasset" 810
"../../../Engine/Plugins/Animation/ControlRig/Content/Controls/ControlRig_QuarterCircle_solid.uexp" 811
"../../../Engine/Plugins/Animation/ControlRig/Content/Controls/ControlRig_QuarterCircle_3mm.ubulk" 812
"../../../Engine/Plugins/Animation/ControlRig/Content/Controls/ControlRig_QuarterCircle_3mm.uasset" 813
"../../../Engine/Plugins/Animation/ControlRig/Content/Controls/ControlRig_QuarterCircle_3mm.uexp" 814
"../../../Engine/Plugins/Animation/ControlRig/Content/Controls/ControlRig_QuarterCircle_1mm.ubulk" 815
"../../../Engine/Plugins/Animation/ControlRig/Content/Controls/ControlRig_QuarterCircle_1mm.uasset" 816
"../../../Engine/Plugins/Animation/ControlRig/Content/Controls/ControlRig_QuarterCircle_1mm.uexp" 817
"../../../Engine/Plugins/Animation/ControlRig/Content/Controls/ControlRig_Pyramid_solid.ubulk" 818
"../../../Engine/Plugins/Animation/ControlRig/Content/Controls/ControlRig_Pyramid_solid.uasset" 819
"../../../Engine/Plugins/Animation/ControlRig/Content/Controls/ControlRig_Pyramid_solid.uexp" 820
"../../../Engine/Plugins/Animation/ControlRig/Content/Controls/ControlRig_Pyramid_3mm.ubulk" 821
"../../../Engine/Plugins/Animation/ControlRig/Content/Controls/ControlRig_Pyramid_3mm.uasset" 822
"../../../Engine/Plugins/Animation/ControlRig/Content/Controls/ControlRig_Pyramid_3mm.uexp" 823
"../../../Engine/Plugins/Animation/ControlRig/Content/Controls/ControlRig_Pyramid_1mm.ubulk" 824
"../../../Engine/Plugins/Animation/ControlRig/Content/Controls/ControlRig_Pyramid_1mm.uasset" 825
"../../../Engine/Plugins/Animation/ControlRig/Content/Controls/ControlRig_Pyramid_1mm.uexp" 826
"../../../Engine/Plugins/Animation/ControlRig/Content/Controls/ControlRig_Octagon_solid.ubulk" 827
"../../../Engine/Plugins/Animation/ControlRig/Content/Controls/ControlRig_Octagon_solid.uasset" 828
"../../../Engine/Plugins/Animation/ControlRig/Content/Controls/ControlRig_Octagon_solid.uexp" 829
"../../../Engine/Plugins/Animation/ControlRig/Content/Controls/ControlRig_Octagon_3mm.ubulk" 830
"../../../Engine/Plugins/Animation/ControlRig/Content/Controls/ControlRig_Octagon_3mm.uasset" 831
"../../../Engine/Plugins/Animation/ControlRig/Content/Controls/ControlRig_Octagon_3mm.uexp" 832
"../../../Engine/Plugins/Animation/ControlRig/Content/Controls/ControlRig_Octagon_1mm.ubulk" 833
"../../../Engine/Plugins/Animation/ControlRig/Content/Controls/ControlRig_Octagon_1mm.uasset" 834
"../../../Engine/Plugins/Animation/ControlRig/Content/Controls/ControlRig_Octagon_1mm.uexp" 835
"../../../Engine/Plugins/Animation/ControlRig/Content/Controls/ControlRig_Hexagon_solid.ubulk" 836
"../../../Engine/Plugins/Animation/ControlRig/Content/Controls/ControlRig_Hexagon_solid.uasset" 837
"../../../Engine/Plugins/Animation/ControlRig/Content/Controls/ControlRig_Hexagon_solid.uexp" 838
"../../../Engine/Plugins/Animation/ControlRig/Content/Controls/ControlRig_Hexagon_3mm.ubulk" 839
"../../../Engine/Plugins/Animation/ControlRig/Content/Controls/ControlRig_Hexagon_3mm.uasset" 840
"../../../Engine/Plugins/Animation/ControlRig/Content/Controls/ControlRig_Hexagon_3mm.uexp" 841
"../../../Engine/Plugins/Animation/ControlRig/Content/Controls/ControlRig_Hexagon_1mm.ubulk" 842
"../../../Engine/Plugins/Animation/ControlRig/Content/Controls/ControlRig_Hexagon_1mm.uasset" 843
"../../../Engine/Plugins/Animation/ControlRig/Content/Controls/ControlRig_Hexagon_1mm.uexp" 844
"../../../Engine/Plugins/Animation/ControlRig/Content/Controls/ControlRig_HalfCircle_solid.ubulk" 845
"../../../Engine/Plugins/Animation/ControlRig/Content/Controls/ControlRig_HalfCircle_solid.uasset" 846
"../../../Engine/Plugins/Animation/ControlRig/Content/Controls/ControlRig_HalfCircle_solid.uexp" 847
"../../../Engine/Plugins/Animation/ControlRig/Content/Controls/ControlRig_HalfCircle_3mm.ubulk" 848
"../../../Engine/Plugins/Animation/ControlRig/Content/Controls/ControlRig_HalfCircle_3mm.uasset" 849
"../../../Engine/Plugins/Animation/ControlRig/Content/Controls/ControlRig_HalfCircle_3mm.uexp" 850
"../../../Engine/Plugins/Animation/ControlRig/Content/Controls/ControlRig_HalfCircle_1mm.ubulk" 851
"../../../Engine/Plugins/Animation/ControlRig/Content/Controls/ControlRig_HalfCircle_1mm.uasset" 852
"../../../Engine/Plugins/Animation/ControlRig/Content/Controls/ControlRig_HalfCircle_1mm.uexp" 853
"../../../Engine/Plugins/Animation/ControlRig/Content/Controls/ControlRig_Diamond_solid.ubulk" 854
"../../../Engine/Plugins/Animation/ControlRig/Content/Controls/ControlRig_Diamond_solid.uasset" 855
"../../../Engine/Plugins/Animation/ControlRig/Content/Controls/ControlRig_Diamond_solid.uexp" 856
"../../../Engine/Plugins/Animation/ControlRig/Content/Controls/ControlRig_Diamond_3mm.ubulk" 857
"../../../Engine/Plugins/Animation/ControlRig/Content/Controls/ControlRig_Diamond_3mm.uasset" 858
"../../../Engine/Plugins/Animation/ControlRig/Content/Controls/ControlRig_Diamond_3mm.uexp" 859
"../../../Engine/Plugins/Animation/ControlRig/Content/Controls/ControlRig_Diamond_1mm.ubulk" 860
"../../../Engine/Plugins/Animation/ControlRig/Content/Controls/ControlRig_Diamond_1mm.uasset" 861
"../../../Engine/Plugins/Animation/ControlRig/Content/Controls/ControlRig_Diamond_1mm.uexp" 862
"../../../Engine/Plugins/Animation/ControlRig/Content/Controls/ControlRig_Circle_solid.ubulk" 863
"../../../Engine/Plugins/Animation/ControlRig/Content/Controls/ControlRig_Circle_solid.uasset" 864
"../../../Engine/Plugins/Animation/ControlRig/Content/Controls/ControlRig_Circle_solid.uexp" 865
"../../../Engine/Plugins/Animation/ControlRig/Content/Controls/ControlRig_Circle_3mm.ubulk" 866
"../../../Engine/Plugins/Animation/ControlRig/Content/Controls/ControlRig_Circle_3mm.uasset" 867
"../../../Engine/Plugins/Animation/ControlRig/Content/Controls/ControlRig_Circle_3mm.uexp" 868
"../../../Engine/Plugins/Animation/ControlRig/Content/Controls/ControlRig_Circle_1mm.ubulk" 869
"../../../Engine/Plugins/Animation/ControlRig/Content/Controls/ControlRig_Circle_1mm.uasset" 870
"../../../Engine/Plugins/Animation/ControlRig/Content/Controls/ControlRig_Circle_1mm.uexp" 871
"../../../Engine/Plugins/Animation/ControlRig/Content/Controls/ControlRig_Box_solid.ubulk" 872
"../../../Engine/Plugins/Animation/ControlRig/Content/Controls/ControlRig_Box_solid.uasset" 873
"../../../Engine/Plugins/Animation/ControlRig/Content/Controls/ControlRig_Box_solid.uexp" 874
"../../../Engine/Plugins/Animation/ControlRig/Content/Controls/ControlRig_Box_3mm.ubulk" 875
"../../../Engine/Plugins/Animation/ControlRig/Content/Controls/ControlRig_Box_3mm.uasset" 876
"../../../Engine/Plugins/Animation/ControlRig/Content/Controls/ControlRig_Box_3mm.uexp" 877
"../../../Engine/Plugins/Animation/ControlRig/Content/Controls/ControlRig_Box_1mm.ubulk" 878
"../../../Engine/Plugins/Animation/ControlRig/Content/Controls/ControlRig_Box_1mm.uasset" 879
"../../../Engine/Plugins/Animation/ControlRig/Content/Controls/ControlRig_Box_1mm.uexp" 880
"../../../Engine/Plugins/Animation/ControlRig/Content/Controls/ControlRig_Arrow_solid.ubulk" 881
"../../../Engine/Plugins/Animation/ControlRig/Content/Controls/ControlRig_Arrow_solid.uasset" 882
"../../../Engine/Plugins/Animation/ControlRig/Content/Controls/ControlRig_Arrow_solid.uexp" 883
"../../../Engine/Plugins/Animation/ControlRig/Content/Controls/ControlRig_Arrow_3mm.ubulk" 884
"../../../Engine/Plugins/Animation/ControlRig/Content/Controls/ControlRig_Arrow_3mm.uasset" 885
"../../../Engine/Plugins/Animation/ControlRig/Content/Controls/ControlRig_Arrow_3mm.uexp" 886
"../../../Engine/Plugins/Animation/ControlRig/Content/Controls/ControlRig_Arrow_1mm.ubulk" 887
"../../../Engine/Plugins/Animation/ControlRig/Content/Controls/ControlRig_Arrow_1mm.uasset" 888
"../../../Engine/Plugins/Animation/ControlRig/Content/Controls/ControlRig_Arrow_1mm.uexp" 889
"../../../Engine/Plugins/Animation/ControlRig/Content/Controls/ControlRig_Arrow4_solid.ubulk" 890
"../../../Engine/Plugins/Animation/ControlRig/Content/Controls/ControlRig_Arrow4_solid.uasset" 891
"../../../Engine/Plugins/Animation/ControlRig/Content/Controls/ControlRig_Arrow4_solid.uexp" 892
"../../../Engine/Plugins/Animation/ControlRig/Content/Controls/ControlRig_Arrow4_3mm.ubulk" 893
"../../../Engine/Plugins/Animation/ControlRig/Content/Controls/ControlRig_Arrow4_3mm.uasset" 894
"../../../Engine/Plugins/Animation/ControlRig/Content/Controls/ControlRig_Arrow4_3mm.uexp" 895
"../../../Engine/Plugins/Animation/ControlRig/Content/Controls/ControlRig_Arrow4_1mm.ubulk" 896
"../../../Engine/Plugins/Animation/ControlRig/Content/Controls/ControlRig_Arrow4_1mm.uasset" 897
"../../../Engine/Plugins/Animation/ControlRig/Content/Controls/ControlRig_Arrow4_1mm.uexp" 898
"../../../Engine/Plugins/Animation/ControlRig/Content/Controls/ControlRig_Arrow2_solid.ubulk" 899
"../../../Engine/Plugins/Animation/ControlRig/Content/Controls/ControlRig_Arrow2_solid.uasset" 900
"../../../Engine/Plugins/Animation/ControlRig/Content/Controls/ControlRig_Arrow2_solid.uexp" 901
"../../../Engine/Plugins/Animation/ControlRig/Content/Controls/ControlRig_Arrow2_3mm.ubulk" 902
"../../../Engine/Plugins/Animation/ControlRig/Content/Controls/ControlRig_Arrow2_3mm.uasset" 903
"../../../Engine/Plugins/Animation/ControlRig/Content/Controls/ControlRig_Arrow2_3mm.uexp" 904
"../../../Engine/Plugins/Animation/ControlRig/Content/Controls/ControlRig_Arrow2_1mm.ubulk" 905
"../../../Engine/Plugins/Animation/ControlRig/Content/Controls/ControlRig_Arrow2_1mm.uasset" 906
"../../../Engine/Plugins/Animation/ControlRig/Content/Controls/ControlRig_Arrow2_1mm.uexp" 907
"../../../Engine/Plugins/Animation/ControlRig/Content/Controls/ControlRigXRayMaterial.uasset" 908
"../../../Engine/Plugins/Animation/ControlRig/Content/Controls/ControlRigXRayMaterial.uexp" 909
"../../../Engine/Plugins/Animation/ControlRig/Content/Controls/ControlRigGizmoMaterial.uasset" 910
"../../../Engine/Plugins/Animation/ControlRig/Content/Controls/ControlRigGizmoMaterial.uexp" 911
"../../../Engine/Plugins/2D/Paper2D/Content/DefaultSpriteMaterial.uasset" 912
"../../../Engine/Plugins/2D/Paper2D/Content/DefaultSpriteMaterial.uexp" 913
"../../../Engine/Plugins/2D/Paper2D/Content/OpaqueUnlitSpriteMaterial.uasset" 914
"../../../Engine/Plugins/2D/Paper2D/Content/OpaqueUnlitSpriteMaterial.uexp" 915
"../../../Engine/Plugins/2D/Paper2D/Content/MaskedUnlitSpriteMaterial.uasset" 916
"../../../Engine/Plugins/2D/Paper2D/Content/MaskedUnlitSpriteMaterial.uexp" 917
"../../../Engine/Content/VREditor/TransformGizmo/Main.uasset" 918
"../../../Engine/Content/VREditor/TransformGizmo/Main.uexp" 919
"../../../Engine/Content/VREditor/TransformGizmo/Xray.uasset" 920
"../../../Engine/Content/VREditor/TransformGizmo/Xray.uexp" 921
"../../../Engine/Content/VREditor/TransformGizmo/SM_Sequencer_Node.ubulk" 922
"../../../Engine/Content/VREditor/TransformGizmo/SM_Sequencer_Node.uasset" 923
"../../../Engine/Content/VREditor/TransformGizmo/SM_Sequencer_Node.uexp" 924
"../../../Engine/Content/VREditor/LaserPointer/VR_LaserPower_01.ubulk" 925
"../../../Engine/Content/VREditor/LaserPointer/VR_LaserPower_01.uasset" 926
"../../../Engine/Content/VREditor/LaserPointer/VR_LaserPower_01.uexp" 927
"../../../Engine/Content/VREditor/TransformGizmo/TransformGizmoMaterial.uasset" 928
"../../../Engine/Content/VREditor/TransformGizmo/TransformGizmoMaterial.uexp" 929
"../../../Engine/Content/VREditor/TransformGizmo/TranslucentTransformGizmoMaterial.uasset" 930
"../../../Engine/Content/VREditor/TransformGizmo/TranslucentTransformGizmoMaterial.uexp" 931
"../../../Engine/Content/VREditor/TransformGizmo/BoundingBoxEdge.ubulk" 932
"../../../Engine/Content/VREditor/TransformGizmo/BoundingBoxEdge.uasset" 933
"../../../Engine/Content/VREditor/TransformGizmo/BoundingBoxEdge.uexp" 934
"../../../Engine/Content/VREditor/TransformGizmo/BoundingBoxCorner.ubulk" 935
"../../../Engine/Content/VREditor/TransformGizmo/BoundingBoxCorner.uasset" 936
"../../../Engine/Content/VREditor/TransformGizmo/BoundingBoxCorner.uexp" 937
"../../../Engine/Content/Functions/Engine_MaterialFunctions01/Shading/PowerToRoughness.uasset" 938
"../../../Engine/Content/Functions/Engine_MaterialFunctions01/Shading/PowerToRoughness.uexp" 939
"../../../Engine/Content/Functions/Engine_MaterialFunctions01/Shading/ConvertFromDiffSpec.uasset" 940
"../../../Engine/Content/Functions/Engine_MaterialFunctions01/Shading/ConvertFromDiffSpec.uexp" 941
"../../../Engine/Content/EngineSky/VolumetricClouds/T_CloudMask.ubulk" 942
"../../../Engine/Content/EngineSky/VolumetricClouds/T_CloudMask.uasset" 943
"../../../Engine/Content/EngineSky/VolumetricClouds/T_CloudMask.uexp" 944
"../../../Engine/Content/EngineSky/VolumetricClouds/VT_Lightning.uasset" 945
"../../../Engine/Content/EngineSky/VolumetricClouds/VT_Lightning.uexp" 946
"../../../Engine/Content/EngineSky/VolumetricClouds/T_Profile_08.ubulk" 947
"../../../Engine/Content/EngineSky/VolumetricClouds/T_Profile_08.uasset" 948
"../../../Engine/Content/EngineSky/VolumetricClouds/T_Profile_08.uexp" 949
"../../../Engine/Content/Functions/Engine_MaterialFunctions02/Utility/MakeFloat4.uasset" 950
"../../../Engine/Content/Functions/Engine_MaterialFunctions02/Utility/MakeFloat4.uexp" 951
"../../../Engine/Content/Functions/Engine_MaterialFunctions01/Units/Km-to-Cm.uasset" 952
"../../../Engine/Content/Functions/Engine_MaterialFunctions01/Units/Km-to-Cm.uexp" 953
"../../../Engine/Content/Functions/Engine_MaterialFunctions02/Utility/BreakOutFloat4Components.uasset" 954
"../../../Engine/Content/Functions/Engine_MaterialFunctions02/Utility/BreakOutFloat4Components.uexp" 955
"../../../Engine/Content/EngineSky/VolumetricClouds/T_CloudPattern.ubulk" 956
"../../../Engine/Content/EngineSky/VolumetricClouds/T_CloudPattern.uasset" 957
"../../../Engine/Content/EngineSky/VolumetricClouds/T_CloudPattern.uexp" 958
"../../../Engine/Content/EngineSky/VolumetricClouds/VT_PerlinWorley_Balanced.uasset" 959
"../../../Engine/Content/EngineSky/VolumetricClouds/VT_PerlinWorley_Balanced.uexp" 960
"../../../Engine/Content/EngineSky/VolumetricClouds/m_SimpleVolumetricCloud.uasset" 961
"../../../Engine/Content/EngineSky/VolumetricClouds/m_SimpleVolumetricCloud.uexp" 962
"../../../Engine/Content/EngineSky/VolumetricClouds/m_SimpleVolumetricCloud_Inst.uasset" 963
"../../../Engine/Content/EngineSky/VolumetricClouds/m_SimpleVolumetricCloud_Inst.uexp" 964
"../../../Engine/Content/EngineResources/GradientTexture0.uasset" 965
"../../../Engine/Content/EngineResources/GradientTexture0.uexp" 966
"../../../Engine/Content/EngineResources/FilmGrains/Marcie_Grain_v3_128_M2_000.uasset" 967
"../../../Engine/Content/EngineResources/FilmGrains/Marcie_Grain_v3_128_M2_000.uexp" 968
"../../../Engine/Content/EngineResources/WhiteSquareTexture.uasset" 969
"../../../Engine/Content/EngineResources/WhiteSquareTexture.uexp" 970
"../../../Engine/Content/EngineMaterials/Widget3DPassThrough.uasset" 971
"../../../Engine/Content/EngineMaterials/Widget3DPassThrough.uexp" 972
"../../../Engine/Content/EngineMaterials/Widget3DPassThrough_Translucent.uasset" 973
"../../../Engine/Content/EngineMaterials/Widget3DPassThrough_Translucent.uexp" 974
"../../../Engine/Content/EngineMaterials/Widget3DPassThrough_Translucent_OneSided.uasset" 975
"../../../Engine/Content/EngineMaterials/Widget3DPassThrough_Translucent_OneSided.uexp" 976
"../../../Engine/Content/EngineMaterials/Widget3DPassThrough_Opaque.uasset" 977
"../../../Engine/Content/EngineMaterials/Widget3DPassThrough_Opaque.uexp" 978
"../../../Engine/Content/EngineMaterials/Widget3DPassThrough_Opaque_OneSided.uasset" 979
"../../../Engine/Content/EngineMaterials/Widget3DPassThrough_Opaque_OneSided.uexp" 980
"../../../Engine/Content/EngineMaterials/Widget3DPassThrough_Masked_OneSided.uasset" 981
"../../../Engine/Content/EngineMaterials/Widget3DPassThrough_Masked_OneSided.uexp" 982
"../../../Engine/Content/EngineMaterials/Widget3DPassThrough_Masked.uasset" 983
"../../../Engine/Content/EngineMaterials/Widget3DPassThrough_Masked.uexp" 984
"../../../Engine/Content/EngineMaterials/WeightMapPlaceholderTexture.uasset" 985
"../../../Engine/Content/EngineMaterials/WeightMapPlaceholderTexture.uexp" 986
"../../../Engine/Content/EngineMaterials/WeightMapArrayPlaceholderTexture.uasset" 987
"../../../Engine/Content/EngineMaterials/WeightMapArrayPlaceholderTexture.uexp" 988
"../../../Engine/Content/EngineMaterials/RemoveSurfaceMaterial.uasset" 989
"../../../Engine/Content/EngineMaterials/RemoveSurfaceMaterial.uexp" 990
"../../../Engine/Content/EngineMaterials/PreintegratedSkinBRDF.uasset" 991
"../../../Engine/Content/EngineMaterials/PreintegratedSkinBRDF.uexp" 992
"../../../Engine/Content/EngineMaterials/DefaultCalibrationGrayscale.uasset" 993
"../../../Engine/Content/EngineMaterials/DefaultCalibrationGrayscale.uexp" 994
"../../../Engine/Content/EngineMaterials/PPM_DefaultCalibrationGrayscale.uasset" 995
"../../../Engine/Content/EngineMaterials/PPM_DefaultCalibrationGrayscale.uexp" 996
"../../../Engine/Content/EngineMaterials/DefaultCalibrationColor.uasset" 997
"../../../Engine/Content/EngineMaterials/DefaultCalibrationColor.uexp" 998
"../../../Engine/Content/EngineMaterials/PPM_DefaultCalibrationColor.uasset" 999
"../../../Engine/Content/EngineMaterials/PPM_DefaultCalibrationColor.uexp" 1000
"../../../Engine/Content/EngineMaterials/PhAT_JointLimitMaterial.uasset" 1001
"../../../Engine/Content/EngineMaterials/PhAT_JointLimitMaterial.uexp" 1002
"../../../Engine/Content/EngineMaterials/NaniteHiddenSectionMaterial.uasset" 1003
"../../../Engine/Content/EngineMaterials/NaniteHiddenSectionMaterial.uexp" 1004
"../../../Engine/Content/EngineMaterials/InvalidLightmapSettings.ubulk" 1005
"../../../Engine/Content/EngineMaterials/InvalidLightmapSettings.uasset" 1006
"../../../Engine/Content/EngineMaterials/InvalidLightmapSettings.uexp" 1007
"../../../Engine/Content/EngineMaterials/M_InvalidLightmapSettings.uasset" 1008
"../../../Engine/Content/EngineMaterials/M_InvalidLightmapSettings.uexp" 1009
"../../../Engine/Content/EngineMaterials/MiniFont.uasset" 1010
"../../../Engine/Content/EngineMaterials/MiniFont.uexp" 1011
"../../../Engine/Content/EngineMaterials/GizmoMaterial.uasset" 1012
"../../../Engine/Content/EngineMaterials/GizmoMaterial.uexp" 1013
"../../../Engine/Content/EngineMaterials/BaseFlattenEmissiveMap_VT.ubulk" 1014
"../../../Engine/Content/EngineMaterials/BaseFlattenEmissiveMap_VT.uasset" 1015
"../../../Engine/Content/EngineMaterials/BaseFlattenEmissiveMap_VT.uexp" 1016
"../../../Engine/Content/EngineMaterials/BaseFlattenGrayscaleMap_VT.ubulk" 1017
"../../../Engine/Content/EngineMaterials/BaseFlattenGrayscaleMap_VT.uasset" 1018
"../../../Engine/Content/EngineMaterials/BaseFlattenGrayscaleMap_VT.uexp" 1019
"../../../Engine/Content/EngineMaterials/BaseFlattenLinearColor_VT.ubulk" 1020
"../../../Engine/Content/EngineMaterials/BaseFlattenLinearColor_VT.uasset" 1021
"../../../Engine/Content/EngineMaterials/BaseFlattenLinearColor_VT.uexp" 1022
"../../../Engine/Content/EngineMaterials/Black_1x1_EXR_Texture_VT.ubulk" 1023
"../../../Engine/Content/EngineMaterials/Black_1x1_EXR_Texture_VT.uasset" 1024
"../../../Engine/Content/EngineMaterials/Black_1x1_EXR_Texture_VT.uexp" 1025
"../../../Engine/Content/EngineMaterials/BaseFlattenDiffuseMap_VT.ubulk" 1026
"../../../Engine/Content/EngineMaterials/BaseFlattenDiffuseMap_VT.uasset" 1027
"../../../Engine/Content/EngineMaterials/BaseFlattenDiffuseMap_VT.uexp" 1028
"../../../Engine/Content/EngineMaterials/BaseFlattenNormalMap_VT.ubulk" 1029
"../../../Engine/Content/EngineMaterials/BaseFlattenNormalMap_VT.uasset" 1030
"../../../Engine/Content/EngineMaterials/BaseFlattenNormalMap_VT.uexp" 1031
"../../../Engine/Content/EngineMaterials/FlattenMaterial_WS_Normal_VT.uasset" 1032
"../../../Engine/Content/EngineMaterials/FlattenMaterial_WS_Normal_VT.uexp" 1033
"../../../Engine/Content/EngineMaterials/FlattenMaterial_VT.uasset" 1034
"../../../Engine/Content/EngineMaterials/FlattenMaterial_VT.uexp" 1035
"../../../Engine/Content/EngineMaterials/BaseFlattenNormalMap.uasset" 1036
"../../../Engine/Content/EngineMaterials/BaseFlattenNormalMap.uexp" 1037
"../../../Engine/Content/EngineMaterials/BaseFlattenGrayscaleMap.uasset" 1038
"../../../Engine/Content/EngineMaterials/BaseFlattenGrayscaleMap.uexp" 1039
"../../../Engine/Content/EngineMaterials/BaseFlattenDiffuseMap.uasset" 1040
"../../../Engine/Content/EngineMaterials/BaseFlattenDiffuseMap.uexp" 1041
"../../../Engine/Content/Functions/Engine_MaterialFunctions02/PivotPainter2/Black_1x1_EXR_Texture.uasset" 1042
"../../../Engine/Content/Functions/Engine_MaterialFunctions02/PivotPainter2/Black_1x1_EXR_Texture.uexp" 1043
"../../../Engine/Content/EngineMaterials/BaseFlattenEmissiveMap.uasset" 1044
"../../../Engine/Content/EngineMaterials/BaseFlattenEmissiveMap.uexp" 1045
"../../../Engine/Content/EngineMaterials/BaseFlattenLinearColor.uasset" 1046
"../../../Engine/Content/EngineMaterials/BaseFlattenLinearColor.uexp" 1047
"../../../Engine/Content/EngineMaterials/FlattenMaterial.uasset" 1048
"../../../Engine/Content/EngineMaterials/FlattenMaterial.uexp" 1049
"../../../Engine/Content/EngineMaterials/FastBlueNoise_vec2_128x128x64.uasset" 1050
"../../../Engine/Content/EngineMaterials/FastBlueNoise_vec2_128x128x64.uexp" 1051
"../../../Engine/Content/EngineMaterials/FastBlueNoise_scalar_128x128x64.uasset" 1052
"../../../Engine/Content/EngineMaterials/FastBlueNoise_scalar_128x128x64.uexp" 1053
"../../../Engine/Content/EngineMaterials/DefaultWhiteGrid_Low.uasset" 1054
"../../../Engine/Content/EngineMaterials/DefaultWhiteGrid_Low.uexp" 1055
"../../../Engine/Content/EngineMaterials/EmissiveMeshMaterial.uasset" 1056
"../../../Engine/Content/EngineMaterials/EmissiveMeshMaterial.uexp" 1057
"../../../Engine/Content/EngineFonts/RobotoDistanceField.uasset" 1058
"../../../Engine/Content/EngineFonts/RobotoDistanceField.uexp" 1059
"../../../Engine/Content/EngineMaterials/DefaultTextMaterialOpaque.uasset" 1060
"../../../Engine/Content/EngineMaterials/DefaultTextMaterialOpaque.uexp" 1061
"../../../Engine/Content/EngineMaterials/DefaultDiffuse.ubulk" 1062
"../../../Engine/Content/EngineMaterials/DefaultDiffuse.uasset" 1063
"../../../Engine/Content/EngineMaterials/DefaultDiffuse.uexp" 1064
"../../../Engine/Content/EngineMaterials/DefaultPostProcessMaterial.uasset" 1065
"../../../Engine/Content/EngineMaterials/DefaultPostProcessMaterial.uexp" 1066
"../../../Engine/Content/EngineMaterials/DefaultLightFunctionMaterial.uasset" 1067
"../../../Engine/Content/EngineMaterials/DefaultLightFunctionMaterial.uexp" 1068
"../../../Engine/Content/EngineMaterials/DefaultDeferredDecalMaterial.uasset" 1069
"../../../Engine/Content/EngineMaterials/DefaultDeferredDecalMaterial.uexp" 1070
"../../../Engine/Content/EngineMaterials/DefaultBokeh.uasset" 1071
"../../../Engine/Content/EngineMaterials/DefaultBokeh.uexp" 1072
"../../../Engine/Content/EngineMaterials/DefaultBloomKernel.uasset" 1073
"../../../Engine/Content/EngineMaterials/DefaultBloomKernel.uexp" 1074
"../../../Engine/Content/EngineMaterials/Substrate/Volume/SubstrateSimpleVolumeLUT3D.uasset" 1075
"../../../Engine/Content/EngineMaterials/Substrate/Volume/SubstrateSimpleVolumeLUT3D.uexp" 1076
"../../../Engine/Content/EngineMaterials/Substrate/Volume/SubstrateSimpleVolumeEnvLUT3D.uasset" 1077
"../../../Engine/Content/EngineMaterials/Substrate/Volume/SubstrateSimpleVolumeEnvLUT3D.uexp" 1078
"../../../Engine/Content/EngineMaterials/Substrate/GLints2/AGlintTex2dArray2.uasset" 1079
"../../../Engine/Content/EngineMaterials/Substrate/GLints2/AGlintTex2dArray2.uexp" 1080
"../../../Engine/Content/EngineMaterials/Substrate/GLints/AGlintTex2dArray.uasset" 1081
"../../../Engine/Content/EngineMaterials/Substrate/GLints/AGlintTex2dArray.uexp" 1082
"../../../Engine/Content/EngineMaterials/LTC/Sheen_LTC.uasset" 1083
"../../../Engine/Content/EngineMaterials/LTC/Sheen_LTC.uexp" 1084
"../../../Engine/Content/EngineMaterials/LTC/GGX_LTCMat.uasset" 1085
"../../../Engine/Content/EngineMaterials/LTC/GGX_LTCMat.uexp" 1086
"../../../Engine/Content/EngineMaterials/LTC/GGX_LTCAmp.uasset" 1087
"../../../Engine/Content/EngineMaterials/LTC/GGX_LTCAmp.uexp" 1088
"../../../Engine/Content/EngineMaterials/EnergyConservation/Sheen_Energy.uasset" 1089
"../../../Engine/Content/EngineMaterials/EnergyConservation/Sheen_Energy.uexp" 1090
"../../../Engine/Content/EngineMaterials/EnergyConservation/SheenLegacy_Energy.uasset" 1091
"../../../Engine/Content/EngineMaterials/EnergyConservation/SheenLegacy_Energy.uexp" 1092
"../../../Engine/Content/EngineMaterials/EnergyConservation/GGX_TransmissionEnergyArray.uasset" 1093
"../../../Engine/Content/EngineMaterials/EnergyConservation/GGX_TransmissionEnergyArray.uexp" 1094
"../../../Engine/Content/EngineMaterials/EnergyConservation/GGX_ReflectionEnergy.uasset" 1095
"../../../Engine/Content/EngineMaterials/EnergyConservation/GGX_ReflectionEnergy.uexp" 1096
"../../../Engine/Content/EngineMaterials/EnergyConservation/Diffuse_Energy.uasset" 1097
"../../../Engine/Content/EngineMaterials/EnergyConservation/Diffuse_Energy.uexp" 1098
"../../../Engine/Content/EngineDebugMaterials/VolumeToRender.uasset" 1099
"../../../Engine/Content/EngineDebugMaterials/VolumeToRender.uexp" 1100
"../../../Engine/Content/EngineDebugMaterials/M_VolumeRenderSphereTracePP.uasset" 1101
"../../../Engine/Content/EngineDebugMaterials/M_VolumeRenderSphereTracePP.uexp" 1102
"../../../Engine/Content/EngineDebugMaterials/M_SimpleUnlitTranslucent.uasset" 1103
"../../../Engine/Content/EngineDebugMaterials/M_SimpleUnlitTranslucent.uexp" 1104
"../../../Engine/Content/EngineDebugMaterials/DebugMeshMaterial.uasset" 1105
"../../../Engine/Content/EngineDebugMaterials/DebugMeshMaterial.uexp" 1106
"../../../Engine/Content/EngineDebugMaterials/DebugEditorMaterial.uasset" 1107
"../../../Engine/Content/EngineDebugMaterials/DebugEditorMaterial.uexp" 1108
"../../../Engine/Content/EngineDamageTypes/DmgTypeBP_Environmental.uasset" 1109
"../../../Engine/Content/EngineDamageTypes/DmgTypeBP_Environmental.uexp" 1110
"../../../Engine/Content/EditorResources/S_Terrain.ubulk" 1111
"../../../Engine/Content/EditorResources/S_Terrain.uasset" 1112
"../../../Engine/Content/EditorResources/S_Terrain.uexp" 1113
"../../../Engine/Content/EditorResources/S_Solver.ubulk" 1114
"../../../Engine/Content/EditorResources/S_Solver.uasset" 1115
"../../../Engine/Content/EditorResources/S_Solver.uexp" 1116
"../../../Engine/Content/EditorResources/BSPVertex.uasset" 1117
"../../../Engine/Content/EditorResources/BSPVertex.uexp" 1118
"../../../Engine/Content/EditorResources/SequenceRecorder/RecordingIndicator.uasset" 1119
"../../../Engine/Content/EditorResources/SequenceRecorder/RecordingIndicator.uexp" 1120
"../../../Engine/Content/EditorResources/SequenceRecorder/Countdown.uasset" 1121
"../../../Engine/Content/EditorResources/SequenceRecorder/Countdown.uexp" 1122
"../../../Engine/Content/EditorMaterials/Camera/CineMat.uasset" 1123
"../../../Engine/Content/EditorMaterials/Camera/CineMat.uexp" 1124
"../../../Engine/Content/EditorMaterials/Camera/MI_CineMat_Rig.uasset" 1125
"../../../Engine/Content/EditorMaterials/Camera/MI_CineMat_Rig.uexp" 1126
"../../../Engine/Content/EditorMeshes/Camera/SM_RailRig_Track.ubulk" 1127
"../../../Engine/Content/EditorMeshes/Camera/SM_RailRig_Track.uasset" 1128
"../../../Engine/Content/EditorMeshes/Camera/SM_RailRig_Track.uexp" 1129
"../../../Engine/Content/EditorMeshes/Camera/SM_RailRig_Mount.ubulk" 1130
"../../../Engine/Content/EditorMeshes/Camera/SM_RailRig_Mount.uasset" 1131
"../../../Engine/Content/EditorMeshes/Camera/SM_RailRig_Mount.uexp" 1132
"../../../Engine/Content/EditorMeshes/Camera/SM_CraneRig_Mount.ubulk" 1133
"../../../Engine/Content/EditorMeshes/Camera/SM_CraneRig_Mount.uasset" 1134
"../../../Engine/Content/EditorMeshes/Camera/SM_CraneRig_Mount.uexp" 1135
"../../../Engine/Content/EditorMeshes/Camera/SM_CraneRig_Body.ubulk" 1136
"../../../Engine/Content/EditorMeshes/Camera/SM_CraneRig_Body.uasset" 1137
"../../../Engine/Content/EditorMeshes/Camera/SM_CraneRig_Body.uexp" 1138
"../../../Engine/Content/EditorMeshes/Camera/SM_CraneRig_Base.ubulk" 1139
"../../../Engine/Content/EditorMeshes/Camera/SM_CraneRig_Base.uasset" 1140
"../../../Engine/Content/EditorMeshes/Camera/SM_CraneRig_Base.uexp" 1141
"../../../Engine/Content/EditorMeshes/Camera/SM_CraneRig_Arm.ubulk" 1142
"../../../Engine/Content/EditorMeshes/Camera/SM_CraneRig_Arm.uasset" 1143
"../../../Engine/Content/EditorMeshes/Camera/SM_CraneRig_Arm.uexp" 1144
"../../../Engine/Content/EditorMaterials/PreviewShadowIndicator.ubulk" 1145
"../../../Engine/Content/EditorMaterials/PreviewShadowIndicator.uasset" 1146
"../../../Engine/Content/EditorMaterials/PreviewShadowIndicator.uexp" 1147
"../../../Engine/Content/EditorMaterials/PreviewShadowIndicatorMaterial.uasset" 1148
"../../../Engine/Content/EditorMaterials/PreviewShadowIndicatorMaterial.uexp" 1149
"../../../Engine/Content/EditorMaterials/PhAT_UnselectedMaterial.uasset" 1150
"../../../Engine/Content/EditorMaterials/PhAT_UnselectedMaterial.uexp" 1151
"../../../Engine/Content/EditorMaterials/PhAT_NoCollisionMaterial.uasset" 1152
"../../../Engine/Content/EditorMaterials/PhAT_NoCollisionMaterial.uexp" 1153
"../../../Engine/Content/EditorMaterials/ParticleSystems/PSysThumbnail_OOD.ubulk" 1154
"../../../Engine/Content/EditorMaterials/ParticleSystems/PSysThumbnail_OOD.uasset" 1155
"../../../Engine/Content/EditorMaterials/ParticleSystems/PSysThumbnail_OOD.uexp" 1156
"../../../Engine/Content/EditorMaterials/ParticleSystems/PSysThumbnail_NoImage.ubulk" 1157
"../../../Engine/Content/EditorMaterials/ParticleSystems/PSysThumbnail_NoImage.uasset" 1158
"../../../Engine/Content/EditorMaterials/ParticleSystems/PSysThumbnail_NoImage.uexp" 1159
"../../../Engine/Content/EditorMaterials/Dataflow/DataflowVertexMaterial.uasset" 1160
"../../../Engine/Content/EditorMaterials/Dataflow/DataflowVertexMaterial.uexp" 1161
"../../../Engine/Content/EditorMaterials/Dataflow/DataflowTwoSidedVertexMaterial.uasset" 1162
"../../../Engine/Content/EditorMaterials/Dataflow/DataflowTwoSidedVertexMaterial.uexp" 1163
"../../../Engine/Content/EditorLandscapeResources/SplineEditorMeshMat.uasset" 1164
"../../../Engine/Content/EditorLandscapeResources/SplineEditorMeshMat.uexp" 1165
"../../../Engine/Content/EditorLandscapeResources/SplineEditorMesh.ubulk" 1166
"../../../Engine/Content/EditorLandscapeResources/SplineEditorMesh.uasset" 1167
"../../../Engine/Content/EditorLandscapeResources/SplineEditorMesh.uexp" 1168
"../../../Engine/Content/EditorLandscapeResources/DefaultAlphaTexture.uasset" 1169
"../../../Engine/Content/EditorLandscapeResources/DefaultAlphaTexture.uexp" 1170
"../../../Engine/Content/EngineMaterials/DefaultMaterial.uasset" 1171
"../../../Engine/Content/EngineMaterials/DefaultMaterial.uexp" 1172
"../../../Engine/Content/BasicShapes/Cylinder.ubulk" 1173
"../../../Engine/Content/BasicShapes/Cylinder.uasset" 1174
"../../../Engine/Content/BasicShapes/Cylinder.uexp" 1175
"../../../Engine/Content/BasicShapes/Cone.ubulk" 1176
"../../../Engine/Content/BasicShapes/Cone.uasset" 1177
"../../../Engine/Content/BasicShapes/Cone.uexp" 1178
"../../../Engine/Content/BasicShapes/BasicShapeMaterial.uasset" 1179
"../../../Engine/Content/BasicShapes/BasicShapeMaterial.uexp" 1180
"../../../Engine/Content/ArtTools/RenderToTexture/Meshes/S_1_Unit_Plane.ubulk" 1181
"../../../Engine/Content/ArtTools/RenderToTexture/Meshes/S_1_Unit_Plane.uasset" 1182
"../../../Engine/Content/ArtTools/RenderToTexture/Meshes/S_1_Unit_Plane.uexp" 1183
"D:/UEProj/Key/Paw/Content/StylizedHalloweenPack/Meshes/Ghost/SKEL_HalloweenGhost.uasset" 1184
"D:/UEProj/Key/Paw/Content/StylizedHalloweenPack/Meshes/Ghost/SKEL_HalloweenGhost.uexp" 1185
"D:/UEProj/Key/Paw/Content/StylizedHalloweenPack/Meshes/Ghost/PA_HalloweenGhost.uasset" 1186
"D:/UEProj/Key/Paw/Content/StylizedHalloweenPack/Meshes/Ghost/PA_HalloweenGhost.uexp" 1187
"D:/UEProj/Key/Paw/Content/StylizedHalloweenPack/Textures/Ghost/T_HalloweenGhost_ORM.ubulk" 1188
"D:/UEProj/Key/Paw/Content/StylizedHalloweenPack/Textures/Ghost/T_HalloweenGhost_ORM.uasset" 1189
"D:/UEProj/Key/Paw/Content/StylizedHalloweenPack/Textures/Ghost/T_HalloweenGhost_ORM.uexp" 1190
"D:/UEProj/Key/Paw/Content/StylizedHalloweenPack/Textures/Ghost/T_HalloweenGhost_Pe_D.ubulk" 1191
"D:/UEProj/Key/Paw/Content/StylizedHalloweenPack/Textures/Ghost/T_HalloweenGhost_Pe_D.uasset" 1192
"D:/UEProj/Key/Paw/Content/StylizedHalloweenPack/Textures/Ghost/T_HalloweenGhost_Pe_D.uexp" 1193
"../../../Engine/Content/ArtTools/RenderToTexture/Textures/T_EV_BlankWhite_01.uasset" 1194
"../../../Engine/Content/ArtTools/RenderToTexture/Textures/T_EV_BlankWhite_01.uexp" 1195
"../../../Engine/Content/EngineResources/Black.uasset" 1196
"../../../Engine/Content/EngineResources/Black.uexp" 1197
"D:/UEProj/Key/Paw/Content/StylizedHalloweenPack/Materials/M_Master.uasset" 1198
"D:/UEProj/Key/Paw/Content/StylizedHalloweenPack/Materials/M_Master.uexp" 1199
"D:/UEProj/Key/Paw/Content/StylizedHalloweenPack/Textures/Ghost/T_HalloweenGhost_Pe_E.ubulk" 1200
"D:/UEProj/Key/Paw/Content/StylizedHalloweenPack/Textures/Ghost/T_HalloweenGhost_Pe_E.uasset" 1201
"D:/UEProj/Key/Paw/Content/StylizedHalloweenPack/Textures/Ghost/T_HalloweenGhost_Pe_E.uexp" 1202
"D:/UEProj/Key/Paw/Content/StylizedHalloweenPack/Textures/Ghost/T_HalloweenGhost_N.ubulk" 1203
"D:/UEProj/Key/Paw/Content/StylizedHalloweenPack/Textures/Ghost/T_HalloweenGhost_N.uasset" 1204
"D:/UEProj/Key/Paw/Content/StylizedHalloweenPack/Textures/Ghost/T_HalloweenGhost_N.uexp" 1205
"D:/UEProj/Key/Paw/Content/StylizedHalloweenPack/Materials/Instances/MI_HalloweenGhost_Pe.uasset" 1206
"D:/UEProj/Key/Paw/Content/StylizedHalloweenPack/Materials/Instances/MI_HalloweenGhost_Pe.uexp" 1207
"D:/UEProj/Key/Paw/Content/StylizedHalloweenPack/Meshes/Ghost/SK_HalloweenGhost.uasset" 1208
"D:/UEProj/Key/Paw/Content/StylizedHalloweenPack/Meshes/Ghost/SK_HalloweenGhost.uexp" 1209
"../../../Engine/Content/EngineResources/LandscapeVisibilityLayerInfo.uasset" 1210
"../../../Engine/Content/EngineResources/LandscapeVisibilityLayerInfo.uexp" 1211
"../../../Engine/Content/VREditor/TransformGizmo/StartRotationHandleIndicator.ubulk" 1212
"../../../Engine/Content/VREditor/TransformGizmo/StartRotationHandleIndicator.uasset" 1213
"../../../Engine/Content/VREditor/TransformGizmo/StartRotationHandleIndicator.uexp" 1214
"../../../Engine/Content/VREditor/Sounds/UI/Drop_Item_From_ContentBrowser.ubulk" 1215
"../../../Engine/Content/VREditor/Sounds/UI/Drop_Item_From_ContentBrowser.uasset" 1216
"../../../Engine/Content/VREditor/Sounds/UI/Drop_Item_From_ContentBrowser.uexp" 1217
"../../../Engine/Content/VREditor/TransformGizmo/PlaneTranslationHandle.ubulk" 1218
"../../../Engine/Content/VREditor/TransformGizmo/PlaneTranslationHandle.uasset" 1219
"../../../Engine/Content/VREditor/TransformGizmo/PlaneTranslationHandle.uexp" 1220
"../../../Engine/Content/VREditor/Sounds/UI/Object_Snaps_To_Grid.ubulk" 1221
"../../../Engine/Content/VREditor/Sounds/UI/Object_Snaps_To_Grid.uasset" 1222
"../../../Engine/Content/VREditor/Sounds/UI/Object_Snaps_To_Grid.uexp" 1223
"../../../Engine/Content/VREditor/Sounds/UI/Selection_Changes.ubulk" 1224
"../../../Engine/Content/VREditor/Sounds/UI/Selection_Changes.uasset" 1225
"../../../Engine/Content/VREditor/Sounds/UI/Selection_Changes.uexp" 1226
"../../../Engine/Content/VREditor/Sounds/UI/Object_Snaps_To_Another_Actor.ubulk" 1227
"../../../Engine/Content/VREditor/Sounds/UI/Object_Snaps_To_Another_Actor.uasset" 1228
"../../../Engine/Content/VREditor/Sounds/UI/Object_Snaps_To_Another_Actor.uexp" 1229
"../../../Engine/Content/VREditor/TransformGizmo/TranslucentTransformGizmoMaterial_Inst.uasset" 1230
"../../../Engine/Content/VREditor/TransformGizmo/TranslucentTransformGizmoMaterial_Inst.uexp" 1231
"../../../Engine/Content/VREditor/TransformGizmo/TransformGizmoFreeRotation.ubulk" 1232
"../../../Engine/Content/VREditor/TransformGizmo/TransformGizmoFreeRotation.uasset" 1233
"../../../Engine/Content/VREditor/TransformGizmo/TransformGizmoFreeRotation.uexp" 1234
"../../../Engine/Content/VREditor/Sounds/UI/Scaling_Down.ubulk" 1235
"../../../Engine/Content/VREditor/Sounds/UI/Scaling_Down.uasset" 1236
"../../../Engine/Content/VREditor/Sounds/UI/Scaling_Down.uexp" 1237
"../../../Engine/Content/Functions/Engine_MaterialFunctions02/SplitComponents.uasset" 1238
"../../../Engine/Content/Functions/Engine_MaterialFunctions02/SplitComponents.uexp" 1239
"../../../Engine/Content/VREditor/SnapGrid/SnapGridMaterial.uasset" 1240
"../../../Engine/Content/VREditor/SnapGrid/SnapGridMaterial.uexp" 1241
"../../../Engine/Content/VREditor/SnapGrid/SnapGridPlaneMesh.ubulk" 1242
"../../../Engine/Content/VREditor/SnapGrid/SnapGridPlaneMesh.uasset" 1243
"../../../Engine/Content/VREditor/SnapGrid/SnapGridPlaneMesh.uexp" 1244
"../../../Engine/Content/VREditor/Sounds/UI/Scaling_Up.ubulk" 1245
"../../../Engine/Content/VREditor/Sounds/UI/Scaling_Up.uasset" 1246
"../../../Engine/Content/VREditor/Sounds/UI/Scaling_Up.uexp" 1247
"../../../Engine/Content/VREditor/TransformGizmo/TransformGizmoMaterial_Inst.uasset" 1248
"../../../Engine/Content/VREditor/TransformGizmo/TransformGizmoMaterial_Inst.uexp" 1249
"../../../Engine/Content/VREditor/Sounds/UI/Gizmo_Handle_Clicked.ubulk" 1250
"../../../Engine/Content/VREditor/Sounds/UI/Gizmo_Handle_Clicked.uasset" 1251
"../../../Engine/Content/VREditor/Sounds/UI/Gizmo_Handle_Clicked.uexp" 1252
"../../../Engine/Content/VREditor/TransformGizmo/RotationHandleQuarter.ubulk" 1253
"../../../Engine/Content/VREditor/TransformGizmo/RotationHandleQuarter.uasset" 1254
"../../../Engine/Content/VREditor/TransformGizmo/RotationHandleQuarter.uexp" 1255
"../../../Engine/Content/VREditor/TransformGizmo/TranslateArrowHandle.ubulk" 1256
"../../../Engine/Content/VREditor/TransformGizmo/TranslateArrowHandle.uasset" 1257
"../../../Engine/Content/VREditor/TransformGizmo/TranslateArrowHandle.uexp" 1258
"../../../Engine/Content/VREditor/TransformGizmo/RotationHandleIndicator.ubulk" 1259
"../../../Engine/Content/VREditor/TransformGizmo/RotationHandleIndicator.uasset" 1260
"../../../Engine/Content/VREditor/TransformGizmo/RotationHandleIndicator.uexp" 1261
"../../../Engine/Content/VREditor/TransformGizmo/UniformScaleHandle.ubulk" 1262
"../../../Engine/Content/VREditor/TransformGizmo/UniformScaleHandle.uasset" 1263
"../../../Engine/Content/VREditor/TransformGizmo/UniformScaleHandle.uexp" 1264
"../../../Engine/Content/VREditor/TransformGizmo/RotationHandleFull.ubulk" 1265
"../../../Engine/Content/VREditor/TransformGizmo/RotationHandleFull.uasset" 1266
"../../../Engine/Content/VREditor/TransformGizmo/RotationHandleFull.uexp" 1267
"../../../Engine/Content/VREditor/Sounds/UI/Object_PickUp.ubulk" 1268
"../../../Engine/Content/VREditor/Sounds/UI/Object_PickUp.uasset" 1269
"../../../Engine/Content/VREditor/Sounds/UI/Object_PickUp.uexp" 1270
"../../../Engine/Plugins/Animation/DeformerGraph/Content/DeformerFunctions/DG_Function_ComputeNormalsTangents.uasset" 1271
"../../../Engine/Plugins/Animation/DeformerGraph/Content/DeformerFunctions/DG_Function_ComputeNormalsTangents.uexp" 1272
"../../../Engine/Plugins/Animation/DeformerGraph/Content/DeformerFunctions/DG_Function_LinearBlendSkin_Morph_Cloth.uasset" 1273
"../../../Engine/Plugins/Animation/DeformerGraph/Content/DeformerFunctions/DG_Function_LinearBlendSkin_Morph_Cloth.uexp" 1274
"../../../Engine/Plugins/Animation/DeformerGraph/Content/DeformerFunctions/DG_Function_LinearBlendSkin_Morph_Cloth_PositionOnly.uasset" 1275
"../../../Engine/Plugins/Animation/DeformerGraph/Content/DeformerFunctions/DG_Function_LinearBlendSkin_Morph_Cloth_PositionOnly.uexp" 1276
"../../../Engine/Plugins/Animation/DeformerGraph/Content/Deformers/DG_LinearBlendSkin_Morph_Cloth.uasset" 1277
"../../../Engine/Plugins/Animation/DeformerGraph/Content/Deformers/DG_LinearBlendSkin_Morph_Cloth.uexp" 1278
"../../../Engine/Plugins/Animation/DeformerGraph/Content/Deformers/DG_LinearBlendSkin_Morph_Cloth_RecomputeNormals.uasset" 1279
"../../../Engine/Plugins/Animation/DeformerGraph/Content/Deformers/DG_LinearBlendSkin_Morph_Cloth_RecomputeNormals.uexp" 1280
"../../../Engine/Plugins/NNE/NNEDenoiser/Content/NNEDT_Oidn2-3_Balanced.uasset" 1281
"../../../Engine/Plugins/NNE/NNEDenoiser/Content/NNEDT_Oidn2-3_Balanced.uexp" 1282
"../../../Engine/Plugins/NNE/NNEDenoiser/Content/NNEDT_Oidn2-3_Balanced_Alpha.uasset" 1283
"../../../Engine/Plugins/NNE/NNEDenoiser/Content/NNEDT_Oidn2-3_Balanced_Alpha.uexp" 1284
"../../../Engine/Plugins/NNE/NNEDenoiser/Content/NNED_Oidn2-3_Balanced.uasset" 1285
"../../../Engine/Plugins/NNE/NNEDenoiser/Content/NNED_Oidn2-3_Balanced.uexp" 1286
"../../../Engine/Plugins/NNE/NNEDenoiser/Content/NNED_Oidn2-3_Balanced_Alpha.uasset" 1287
"../../../Engine/Plugins/NNE/NNEDenoiser/Content/NNED_Oidn2-3_Balanced_Alpha.uexp" 1288
"../../../Engine/Plugins/NNE/NNEDenoiser/Content/NNED_Oidn2-3_Fast.uasset" 1289
"../../../Engine/Plugins/NNE/NNEDenoiser/Content/NNED_Oidn2-3_Fast.uexp" 1290
"../../../Engine/Plugins/NNE/NNEDenoiser/Content/NNED_Oidn2-3_Fast_Alpha.uasset" 1291
"../../../Engine/Plugins/NNE/NNEDenoiser/Content/NNED_Oidn2-3_Fast_Alpha.uexp" 1292
"../../../Engine/Plugins/NNE/NNEDenoiser/Content/NNED_Oidn2-3_HighQuality.uasset" 1293
"../../../Engine/Plugins/NNE/NNEDenoiser/Content/NNED_Oidn2-3_HighQuality.uexp" 1294
"../../../Engine/Plugins/NNE/NNEDenoiser/Content/NNED_Oidn2-3_HighQuality_Alpha.uasset" 1295
"../../../Engine/Plugins/NNE/NNEDenoiser/Content/NNED_Oidn2-3_HighQuality_Alpha.uexp" 1296
"../../../Engine/Plugins/NNE/NNEDenoiser/Content/NNE_oidn2-3-0_rt_hdr_alb_nrm_small__dyn__fp16_opset11_DenoiseAlpha.uasset" 1297
"../../../Engine/Plugins/NNE/NNEDenoiser/Content/NNE_oidn2-3-0_rt_hdr_alb_nrm_small__dyn__fp16_opset11_DenoiseAlpha.uexp" 1298
"../../../Engine/Plugins/NNE/NNEDenoiser/Content/NNE_oidn2-3-0_rt_hdr_alb_nrm_small__dyn__fp16_opset11_ForwardAlpha.uasset" 1299
"../../../Engine/Plugins/NNE/NNEDenoiser/Content/NNE_oidn2-3-0_rt_hdr_alb_nrm_small__dyn__fp16_opset11_ForwardAlpha.uexp" 1300
"../../../Engine/Plugins/NNE/NNEDenoiser/Content/NNE_oidn2-3-0_rt_hdr_alb_nrm__dyn__fp16_opset11_DenoiseAlpha.uasset" 1301
"../../../Engine/Plugins/NNE/NNEDenoiser/Content/NNE_oidn2-3-0_rt_hdr_alb_nrm__dyn__fp16_opset11_DenoiseAlpha.uexp" 1302
"../../../Engine/Plugins/NNE/NNEDenoiser/Content/NNE_oidn2-3-0_rt_hdr_alb_nrm__dyn__fp16_opset11_ForwardAlpha.uasset" 1303
"../../../Engine/Plugins/NNE/NNEDenoiser/Content/NNE_oidn2-3-0_rt_hdr_alb_nrm__dyn__fp16_opset11_ForwardAlpha.uexp" 1304
"../../../Engine/Plugins/NNE/NNEDenoiser/Content/NNE_oidn2-3-0_rt_hdr_calb_cnrm_large__dyn__fp16_opset11_DenoiseAlpha.uasset" 1305
"../../../Engine/Plugins/NNE/NNEDenoiser/Content/NNE_oidn2-3-0_rt_hdr_calb_cnrm_large__dyn__fp16_opset11_DenoiseAlpha.uexp" 1306
"../../../Engine/Plugins/NNE/NNEDenoiser/Content/NNE_oidn2-3-0_rt_hdr_calb_cnrm_large__dyn__fp16_opset11_ForwardAlpha.uasset" 1307
"../../../Engine/Plugins/NNE/NNEDenoiser/Content/NNE_oidn2-3-0_rt_hdr_calb_cnrm_large__dyn__fp16_opset11_ForwardAlpha.uexp" 1308
"D:/UEProj/Key/Paw/Content/WaterEffect/Common/Material/DefaultTexture/T_Fx_LC.uasset" 1309
"D:/UEProj/Key/Paw/Content/WaterEffect/Common/Material/DefaultTexture/T_Fx_LC.uexp" 1310
"D:/UEProj/Key/Paw/Content/WaterEffect/Common/Material/DefaultTexture/T_Fx_C.uasset" 1311
"D:/UEProj/Key/Paw/Content/WaterEffect/Common/Material/DefaultTexture/T_Fx_C.uexp" 1312
"D:/UEProj/Key/Paw/Content/WaterEffect/Common/Material/MaterialFunction/MF_ParticleColor.uasset" 1313
"D:/UEProj/Key/Paw/Content/WaterEffect/Common/Material/MaterialFunction/MF_ParticleColor.uexp" 1314
"D:/UEProj/Key/Paw/Content/WaterEffect/Common/Material/ParentMaterial/M_Fx_Common_Base.uasset" 1315
"D:/UEProj/Key/Paw/Content/WaterEffect/Common/Material/ParentMaterial/M_Fx_Common_Base.uexp" 1316
"D:/UEProj/Key/Paw/Content/WaterEffect/Texture/T_Fx_Water01.ubulk" 1317
"D:/UEProj/Key/Paw/Content/WaterEffect/Texture/T_Fx_Water01.uasset" 1318
"D:/UEProj/Key/Paw/Content/WaterEffect/Texture/T_Fx_Water01.uexp" 1319
"D:/UEProj/Key/Paw/Content/WaterEffect/Material/MI_Fx_SeqWater01.uasset" 1320
"D:/UEProj/Key/Paw/Content/WaterEffect/Material/MI_Fx_SeqWater01.uexp" 1321
"D:/UEProj/Key/Paw/Content/WaterEffect/Common/Material/ParentMaterial/M_Fx_Spark.uasset" 1322
"D:/UEProj/Key/Paw/Content/WaterEffect/Common/Material/ParentMaterial/M_Fx_Spark.uexp" 1323
"D:/UEProj/Key/Paw/Content/WaterEffect/Material/MI_Fx_Spark.uasset" 1324
"D:/UEProj/Key/Paw/Content/WaterEffect/Material/MI_Fx_Spark.uexp" 1325
"D:/UEProj/Key/Paw/Content/WaterEffect/Niagara/NS_Fx_Water04_Radial.uasset" 1326
"D:/UEProj/Key/Paw/Content/WaterEffect/Niagara/NS_Fx_Water04_Radial.uexp" 1327
"../../../Engine/Content/EngineMaterials/UnlitText.uasset" 1328
"../../../Engine/Content/EngineMaterials/UnlitText.uexp" 1329
"D:/UEProj/Key/Paw/Content/Main/UI/Widget/MainMenu/WBP_MainMenu.uasset" 1330
"D:/UEProj/Key/Paw/Content/Main/UI/Widget/MainMenu/WBP_MainMenu.uexp" 1331
"D:/UEProj/Key/Paw/Content/Main/GameMode/BP_MainMenuPawn.uasset" 1332
"D:/UEProj/Key/Paw/Content/Main/GameMode/BP_MainMenuPawn.uexp" 1333
"D:/UEProj/Key/Paw/Content/Main/GameMode/BP_MainMenuGameMode.uasset" 1334
"D:/UEProj/Key/Paw/Content/Main/GameMode/BP_MainMenuGameMode.uexp" 1335
"D:/UEProj/Key/Paw/Content/Main/Maps/L_MainMenu.uexp" 1336
"D:/UEProj/Key/Paw/Content/Main/Maps/L_MainMenu.umap" 1337
"../../../Engine/Content/Maps/Entry_BuiltData.uasset" 1338
"../../../Engine/Content/Maps/Entry_BuiltData.uexp" 1339
"../../../Engine/Content/Maps/Entry.uexp" 1340
"../../../Engine/Content/Maps/Entry.umap" 1341
